Date,Rendement_Bitcoin,Rendement_gold,Rendement_nvidia
2020-01-01,100,,
2020-01-02,96.766576849356923,100,100
2020-01-03,101.99033306480736,101.59021006478635,98.399466488829617
2020-01-04,102.45840162226729,,
2020-01-05,102.39867774104836,,
2020-01-06,107.7682713408706,102.66343825665859,98.816272090696913
2020-01-07,113.27675768771354,103.02336234539624,100
2020-01-08,111.94199838884413,102.10064786335973,100.18339446482163
2020-01-09,108.92524792355343,101.71454747725934,101.30043347782593
2020-01-10,113.71288091335872,102.09410378901904,101.83394464821606
2020-01-11,111.44892913692048,,
2020-01-12,113.71982555070974,,
2020-01-13,112.66146281841161,101.47241672665402,105.01833944648217
2020-01-14,122.63118419956112,101.07977226621294,103.06768922974325
2020-01-15,122.47979110530846,101.69491525423729,102.35078359453152
2020-01-16,121.21031139753882,101.46587265231332,103.75125041680559
2020-01-17,123.79649434706519,102.10719193770042,103.90130043347783
2020-01-18,123.84094002611184,,
2020-01-19,120.92280341120588,,
2020-01-20,120.02972304786243,101.95013415352399,
2020-01-21,121.28948026334065,102.13991230940384,103.33444481493832
2020-01-22,120.5380705019584,101.87160526143577,104.21807269089696
2020-01-23,116.74074279841106,102.44093972907532,105.40180060020008
2020-01-24,117.22408955804326,102.86630456121983,104.40146715571856
2020-01-25,115.85877385482929,,
2020-01-26,119.55609878052167,,
2020-01-27,123.15064307341869,103.22622864995748,100.11670556852283
2020-01-28,130.24389566376843,102.72887900006545,103.351117039013
2020-01-29,129.15497652712574,102.76814344610956,102.33411137045682
2020-01-30,132.0495013750382,103.99842942215824,102.45081693897966
2020-01-31,129.85221811716991,103.91335645572934,98.549516505501828
2020-02-01,130.30361954498738,,
2020-02-02,129.65499041640044,,
2020-02-03,129.123031195311,103.5534323669917,100.16672224074692
2020-02-04,127.69660268340786,101.79307636934756,103.00100033344448
2020-02-05,133.50093058140502,102.27079379621753,104.51817272424142
2020-02-06,135.72599238867747,102.74196714874681,105.96865621873958
2020-02-07,136.37323258979416,102.96446567633009,104.86828942980995
2020-02-08,137.44131781438372,,
2020-02-09,140.99697213811496,,
2020-02-10,136.86630184171781,103.36365421111185,109.60320106702235
2020-02-11,142.0803355648768,102.7485112230875,111.6538846282094
2020-02-12,143.30536959359983,102.84667233819775,113.60453484494832
2020-02-13,142.15811550320842,103.31784569072704,112.85428476158718
2020-02-14,143.51787549654156,103.81519534061907,120.79026342114038
2020-02-15,137.61076696574906,,
2020-02-16,137.95244312342007,,
2020-02-17,134.74540959471096,104.94077612721679,
2020-02-18,141.09280813355926,104.94077612721679,123.60786928976326
2020-02-19,133.46759632212004,105.47739022315295,131.16038679559853
2020-02-20,133.37037139920554,106.0467246907925,128.65955318439481
2020-02-21,134.51068085224588,107.89869772920622,122.57419139713237
2020-02-22,134.11066974082615,,
2020-02-23,138.09689158032168,,
2020-02-24,134.20789466374066,109.7179503959165,113.90463487829277
2020-02-25,129.40915025417374,107.97722662129443,109.21973991330445
2020-02-26,122.22978416067112,107.52568549178719,111.55385128376125
2020-02-27,122.48395788771911,107.48642104574309,105.28509503167723
2020-02-28,120.80196672129782,102.52601269550424,112.57085695231743
2020-02-29,118.66579627211868,,
2020-03-01,118.614405955721,,
2020-03-02,123.68121336703797,104.36489758523658,115.22174058019341
2020-03-03,121.68949137476039,107.61075845821611,110.82027342447482
2020-03-04,121.64087891330313,107.51914141744652,118.58952984328108
2020-03-05,125.84099558321063,109.15516000261765,113.90463487829277
2020-03-06,126.87574654851524,109.44309927360776,110.88696232077359
2020-03-07,123.44509569710269,,
2020-03-08,111.58782188394123,,
2020-03-09,110.18361621156143,109.65905372685035,102.30076692230745
2020-03-10,109.60304452901468,108.65126627838492,108.81960653551184
2020-03-11,110.21278368843579,107.47333289706171,102.73424474824941
2020-03-12,67.029639712214234,104.07041423990577,90.163387795931982
2020-03-13,77.561876718797734,99.253975525161977,100.38346115371792
2020-03-14,71.9839439984444,,
2020-03-15,74.534014833745388,,
2020-03-16,69.863051751437538,97.277665074275248,81.860620206735589
2020-03-17,73.07286313508709,99.849486290164265,90.563521173724581
2020-03-18,74.4659573877052,96.7148746809764,84.528176058686228
2020-03-19,85.724603461207252,96.806491721745957,88.762920973657884
2020-03-20,86.187116308786358,97.153327661802237,85.7619206402134
2020-03-21,85.921831161976712,,
2020-03-22,80.864746242951185,,
2020-03-23,89.848329120253339,102.58490936457039,88.646215405135052
2020-03-24,93.677602155615432,108.68398665008834,103.86795598532845
2020-03-25,92.7650768076891,106.8909102807408,102.38412804268089
2020-03-26,93.406761298924962,108.05575551338265,107.21907302434145
2020-03-27,88.521903386205167,108.24553366926249,105.3351117039013
2020-03-28,86.581571710325278,,
2020-03-29,81.813383705102922,,
2020-03-30,88.766354620961692,107.5322295661279,110.70356785595199
2020-03-31,89.064974027056309,104.48269092336888,109.86995665221741
2020-04-01,92.20395010972527,104.14239905765331,101.31710570190064
2020-04-02,94.454012611461422,107.17230547739022,106.48549516505501
2020-04-03,93.556765465707372,107.69583142464498,101.66722240746915
2020-04-04,95.2443123420095,,
2020-04-05,94.067890774743731,,
2020-04-06,101.84032889802495,110.85007525685494,111.87062354118038
2020-04-07,99.7972165893497,110.1825796741051,107.96932310770258
2020-04-08,102.2417289369149,110.22184412014921,111.27042347449149
2020-04-09,101.2389233034251,114.70453504351809,109.60320106702235
2020-04-10,95.323481207811341,,
2020-04-11,95.388760798911079,,
2020-04-12,96.080446679074413,,
2020-04-13,95.020695019306089,115.26732543681698,112.47082360786929
2020-04-14,95.154032056446,115.75813101236831,118.35611870623541
2020-04-15,92.073390927525764,113.87998167659185,117.05568522840946
2020-04-16,98.413844829023034,113.32373535763367,122.82427475825276
2020-04-17,97.7221589488597,111.17073489954848,121.84061353784594
2020-04-18,100.43056751576434,,
2020-04-19,98.931914775410419,,
2020-04-20,94.9123586766299,111.98220011779334,119.63987995998669
2020-04-21,95.037362148948574,110.45088672207316,112.33744581527176
2020-04-22,98.793022028389672,113.75564426411884,119.27309103034347
2020-04-23,104.00983360648908,114.22027354230747,118.3727909303101
2020-04-24,104.22233950943082,113.57895425692035,120.70690230076693
2020-04-25,104.73068696352676,,
2020-04-26,106.65435150976414,,
2020-04-27,107.86410733631489,112.80675348471958,123.82460820273424
2020-04-28,107.59882218950526,112.70204829526864,121.44048016005335
2020-04-29,121.82143948443012,112.12616975328842,124.39146382127377
2020-04-30,119.85055140420566,110.869707479877,121.82394131377126
2020-05-01,122.52562571182533,111.30816046070284,117.85595198399467
2020-05-02,124.53540376121556,,
2020-05-03,123.41315036528793,,
2020-05-04,123.26314619850551,112.11962567894771,121.40713571190396
2020-05-05,125.0173615933776,111.94293567174923,122.44081360453485
2020-05-06,127.10630850856968,110.49669524245796,124.1247082360787
2020-05-07,138.61218367176863,112.93763497153329,127.07569189729911
2020-05-08,136.20100558348844,112.15889012499183,130.2434144714905
2020-05-09,132.70646406844634,,
2020-05-10,121.37559376649349,,
2020-05-11,119.16719908886357,111.11838230482299,134.47815938646215
2020-05-12,122.41728936914913,111.69426084680323,130.09336445481827
2020-05-13,129.15219867218534,112.32249198350894,129.70990330110038
2020-05-14,135.81488374677073,113.92579019697664,133.89463154384796
2020-05-15,129.42026167393539,114.93357764544206,141.56385461820605
2020-05-16,130.274452068113,,
2020-05-17,134.41623378427178,,
2020-05-18,135.15236534348176,113.50042536483215,145.8819606535512
2020-05-19,135.74404844579016,114.23336169098881,146.81560520173392
2020-05-20,132.11894774854855,114.65872652313331,149.54984994998335
2020-05-21,125.82293952609795,112.68241607224658,146.29876625541849
2020-05-22,127.36048223561767,113.57241018257969,150.48349449816607
2020-05-23,127.46187394094279,,
2020-05-24,121.22836745465153,,
2020-05-25,123.5895441540043,111.61573195471502,
2020-05-26,122.8159115530987,112.3813886525751,145.34844948316109
2020-05-27,127.76882691185867,111.94947974608993,142.13071023674559
2020-05-28,132.95091530320286,113.1012368300504,141.49716572190732
2020-05-29,130.903636212117,114.63255022577057,147.96598866288764
2020-05-30,134.6217950498625,,
2020-05-31,131.32031445317924,,
2020-06-01,141.52198672185335,114.54093318500098,146.81560520173392
2020-06-02,132.33145365149034,113.47424906746942,147.13237745915308
2020-06-03,134.2703963999,111.56337935998953,146.19873291097031
2020-06-04,136.03711214200393,113.04234016098424,146.16538846282094
2020-06-05,133.7703825106253,110.13677115372032,148.71623874624876
2020-06-06,134.30373065918496,,
2020-06-07,135.31764771243647,,
2020-06-08,135.80793910941969,111.58301158301158,146.79893297765923
2020-06-09,135.68154670963082,112.68241607224658,150.81693897965988
2020-06-10,137.20936692685905,112.60388718015837,156.16872290763587
2020-06-11,128.9369149143032,113.85380537922912,146.64888296098698
2020-06-12,131.48420789466374,113.690203520712,148.93297765921974
2020-06-13,131.54948748576348,,
2020-06-14,129.79943887330202,,
2020-06-15,130.91196977693824,113.02925201230288,152.95098366122039
2020-06-16,132.27450762521181,113.63785092598653,151.2004001333778
2020-06-17,131.45642934525958,113.57895425692035,153.98466155385128
2020-06-18,130.39389983055085,113.28447091158955,153.68456152050683
2020-06-19,129.36470457512706,114.71762319219947,154.40146715571859
2020-06-20,129.98694408178005,,
2020-06-21,129.12025334037057,,
2020-06-22,134.49956943248424,115.5945291538512,158.83627875958652
2020-06-23,133.6787132975916,116.61540475099798,157.55251750583528
2020-06-24,129.19803327870218,116.16386362149073,153.98466155385128
2020-06-25,128.44106780743908,115.86938027615994,158.21940646882297
2020-06-26,127.22575627100751,116.50415548720633,152.63421140380126
2020-06-27,125.11875329870273,,
2020-06-28,126.72574238173281,,
2020-06-29,127.57854384844023,116.56305215627249,153.38446148716241
2020-06-30,126.88408011333647,117.82605850402462,158.35278426142051
2020-07-01,128.19661657268259,116.47797918984362,158.88629543181059
2020-07-02,126.18544959582212,117.13893069825274,160.25341780593533
2020-07-03,125.93544265118474,117.3679733001767,
2020-07-04,126.8701908386344,,
2020-07-05,126.1285035695436,,
2020-07-06,129.71193644267896,117.72789738891434,164.03801267089031
2020-07-07,128.55912664240674,118.44120149204895,164.58819606535513
2020-07-08,130.97447151309757,119.1414174465022,170.32344114704904
2020-07-09,128.27717436595464,118.04201295726719,175.20840280093367
2020-07-10,128.96330453623713,117.91767554479419,174.70823607869292
2020-07-11,128.24384010666964,,
2020-07-12,129.18136614905967,,
2020-07-13,128.38689963610102,118.71605261435769,167.5891963987996
2020-07-14,128.52301452818133,118.67024409397291,173.00766922307434
2020-07-15,127.76327120197783,118.69642039133565,170.50683561187063
2020-07-16,126.88269118586626,117.81297035534324,168.97299099699902
2020-07-17,127.1674213172588,118.44774556638964,170.09003001000335
2020-07-18,127.36742687296869,,
2020-07-19,127.89244145670713,,
2020-07-20,127.2590905302925,118.9320070676003,175.24174724908303
2020-07-21,130.38278841078917,120.6661867678817,172.20740246748917
2020-07-22,132.13839273313147,122.05353052810679,174.04134711570524
2020-07-23,133.33148143003973,123.68300503893725,168.88962987662555
2020-07-24,132.59257201588932,124.17381061448857,169.9566522174058
2020-07-25,134.78291063640657,,
2020-07-26,137.9552209783605,,
2020-07-27,153.09869718603292,126.36607551861789,173.74124708236079
2020-07-28,151.51115308758577,127.256069628951,170.30676892297433
2020-07-29,154.25289591377538,127.83194817093124,174.47482494164723
2020-07-30,154.11816994916526,128.70885413258296,176.95898632877626
2020-07-31,157.41270590849746,129.95877233165371,176.97565855285097
2020-08-01,163.93649823606211,,
2020-08-02,153.70982527292423,,
2020-08-03,155.89877496597126,129.98494862901643,183.56118706235412
2020-08-04,155.3473707602989,132.25574242523396,187.19573191063691
2020-08-05,162.992027556321,134.10771546364768,188.1793931310437
2020-08-06,163.29759159976666,135.42307440612527,188.99633211070358
2020-08-07,161.00447234645407,132.71382762908189,186.72890963654552
2020-08-08,163.39759437762157,,
2020-08-09,162.24339564987918,,
2020-08-10,165.13236478791077,133.47948432694196,186.14538179393131
2020-08-11,158.20439456651573,127.36731889274262,180.89363121040347
2020-08-12,160.52112558682185,127.5440088999411,190.73024341447152
2020-08-13,163.48926359065527,128.94444080884759,190.78026008669559
2020-08-14,163.21008916914357,127.59636149466658,192.79759919973324
2020-08-15,164.52262562848966,,
2020-08-16,165.26847967999109,,
2020-08-17,170.5964054557071,130.79641384726131,205.68522840946986
2020-08-18,165.94349843051194,131.73876055231989,204.4181393797933
2020-08-19,163.20175560432236,128.93789673450692,202.38412804268089
2020-08-20,164.68374121503376,127.380407041424,202.41747249083028
2020-08-21,160.13222589516377,127.41312741312743,211.4538179393131
2020-08-22,161.96699908330785,,
2020-08-23,161.693380371677,,
2020-08-24,163.24759021083918,126.90268961455405,212.07069023007671
2020-08-25,157.2932581460596,125.84909364570382,212.57085695231743
2020-08-26,159.20303341759492,127.77305150186507,212.95431810603537
2020-08-27,157.329370260285,126.47078070806886,210.53684561520507
2020-08-28,160.10722520070001,129.23892415417842,219.20640213404471
2020-08-29,159.28359121086697,,
2020-08-30,162.53229256368232,,
2020-08-31,161.72949248590237,129.48105490478372,222.974324774925
2020-09-01,165.48931914775409,129.50068712780578,230.42680893631214
2020-09-02,158.52245895719324,127.26261370329168,239.17972657552519
2020-09-03,141.23725659046082,126.81107257378443,216.98899633211073
2020-09-04,145.45542931748102,126.58202997186048,210.43681227075695
2020-09-05,140.17333814828191,,
2020-09-06,143.00952804244562,,
2020-09-07,144.12761465596267,127.1644525881814,
2020-09-08,140.65112919803329,126.92232183757608,198.61620540180061
2020-09-09,142.01227811883663,127.9301092860415,211.98732910970324
2020-09-10,143.61093363704549,128.54525227406583,205.26842280760255
2020-09-11,144.31234200950027,127.47202408219358,202.80093364454819
2020-09-12,145.03041751159753,,
2020-09-13,143.42065057362706,,
2020-09-14,148.27217422706184,128.50598782802174,214.60486828942985
2020-09-15,149.79999444429012,128.66958968653884,216.5888629543181
2020-09-16,152.08061335037084,128.95098488318828,208.63621207069025
2020-09-17,151.96672129781382,127.60290556900729,207.80260086695566
2020-09-18,151.85144031778663,128.40128263857079,203.21773924641548
2020-09-19,153.91816439345536,,
2020-09-20,151.69171365871276,,
2020-09-21,144.68179671657543,125.03108435311825,208.68622874291432
2020-09-22,146.27489652490345,124.83476212289773,210.703567855952
2020-09-23,142.188671907553,122.26948498134939,202.13404468156054
2020-09-24,149.16247673546485,122.82573130030758,205.86862287429148
2020-09-25,148.45967943553987,122.13205942019502,214.63821273757921
2020-09-26,149.002750076391,,
2020-09-27,149.67360204450125,,
2020-09-28,148.520792244229,123.17911131470454,217.32244081360452
2020-09-29,150.57223811772548,124.54682285190761,220.50683561187063
2020-09-30,149.67221311703102,124.0429291276749,225.57519173057688
2020-10-01,147.51104197338813,125.40409659053728,226.99233077692566
2020-10-02,146.84157893274812,124.83476212289773,217.77259086362122
2020-10-03,146.45129031361984,,
2020-10-04,148.23883996777687,,
2020-10-05,149.85832939803882,125.65277141548327,227.45915305101704
2020-10-06,147.262423956221,124.91329101498594,229.02634211403802
2020-10-07,148.21106141837274,123.73535763366273,232.81093697899297
2020-10-08,151.72782577293813,124.01675283031214,230.72690896965656
2020-10-09,153.53482041167811,126.05195995026503,229.45981993997998
2020-10-10,156.92658129392484,,
2020-10-11,157.93494263729548,,
2020-10-12,160.19750548626351,126.22864995746352,237.17905968656217
2020-10-13,158.66829634156502,123.98403245860874,237.54584861620538
2020-10-14,158.62107280757797,124.81512989987567,234.99499833277758
2020-10-15,159.76832689796939,124.91983508932663,232.91097032344115
2020-10-16,157.25436817689379,124.75623323080951,230.27675891963989
2020-10-17,157.811328092447,,
2020-10-18,159.82249506930748,,
2020-10-19,163.24620128336898,125.10306917086579,225.04168056018673
2020-10-20,165.4698741631712,125.34519992147113,227.50916972324111
2020-10-21,177.90355287646881,126.26791440350765,225.49183061020338
2020-10-22,180.20778354954302,124.63843989267718,222.75758586195403
2020-10-23,179.645267924109,124.6777043387213,226.5755251750584
2020-10-24,182.18839412205895,,
2020-10-25,181.00780577238257,,
2020-10-26,181.41615044862357,124.71042471042473,219.08969656552185
2020-10-27,189.69693602600071,125.11615731954717,223.3577859286429
2020-10-28,184.43428984138447,122.97624501014333,210.52017339113038
2020-10-29,186.91074752076446,122.24330868398665,217.13904634878295
2020-10-30,188.33717603266757,123.02205353052813,208.96965655218409
2020-10-31,191.63448984694017,,
2020-11-01,191.10808633573154,,
2020-11-02,188.35800994472066,123.84660689745436,209.75325108369458
2020-11-03,194.72624239562208,125.0179962044369,217.07235745248417
2020-11-04,196.47212422567293,124.08873764805971,229.97665888629544
2020-11-05,216.49351370871415,127.40003926444605,236.07869289763252
2020-11-06,216.36573238145505,127.72069890713959,242.78092697565859
2020-11-07,205.95572099224978,,
2020-11-08,215.05736270451959,,
2020-11-09,212.88369121364482,121.35331457365356,227.25908636212071
2020-11-10,212.55590433067587,122.79301092860415,212.90430143381127
2020-11-11,218.00327786882968,121.82448792618284,223.70790263421142
2020-11-12,226.32156448790246,122.59014462404294,224.35811937312437
2020-11-13,226.73129809161367,123.43433021399125,221.69056352117374
2020-11-14,223.21453373704821,,
2020-11-15,221.5755993222034,,
2020-11-16,232.17033806494624,123.53903540344217,225.32510836945653
2020-11-17,245.3165365704603,123.36234539624371,223.77459153051018
2020-11-18,246.87630211950329,122.62940907008706,223.89129709903298
2020-11-19,247.27770215839325,121.81794385184217,224.07469156385466
2020-11-20,259.38498291619214,122.53124795497679,218.20606868956318
2020-11-21,259.551654212617,,
2020-11-22,255.74182616183782,,
2020-11-23,255.2793133142587,120.26699823309994,219.07302434144717
2020-11-24,266.01572265896272,118.09436555199267,216.03867955985331
2020-11-25,260.04889024695126,118.15326222105884,220.65688562854285
2020-11-26,238.36773243701214,117.01459328577972,
2020-11-27,237.88299674990969,117.01459328577972,221.09036345448487
2020-11-28,246.26656296008224,,
2020-11-29,252.58340509458597,,
2020-11-30,273.59232200894468,116.54341993325046,223.42447482494165
2020-12-01,260.71140865024029,119.03016818271057,223.24108036012004
2020-12-02,266.93519264424009,119.76964858320791,225.82527509169722
2020-12-03,269.91444206783524,120.48295268634253,223.34111370456822
2020-12-04,259.14747631878663,120.410967868595,226.04201400466826
2020-12-05,265.93099808328009,,
2020-12-06,269.17275479874439,,
2020-12-07,266.26711853107031,122.11242719717296,226.85895298432811
2020-12-08,254.54318175504872,122.6948498134939,222.57419139713238
2020-12-09,257.59048862468404,120.31280675348472,215.58852950983663
2020-12-10,253.440373343704,120.2408219357372,216.272090696899
2020-12-11,250.33473152031996,120.64655454485964,216.95565188396131
2020-12-12,261.24197894385958,,
2020-12-13,266.35184310675294,,
2020-12-14,267.69910275285423,119.89398599568091,221.89063021007004
2020-12-15,269.93666490735853,121.41221124271972,222.74091363787929
2020-12-16,296.56657129364703,121.66088606766571,220.79026342114042
2020-12-17,317.02825078474405,123.7091813363,222.42414138046013
2020-12-18,321.22975638212171,123.61102022118973,221.27375791930643
2020-12-19,331.17586599627765,,
2020-12-20,326.04933470374181,,
2020-12-21,315.68238006611296,123.21183168640798,222.27409136378796
2020-12-22,330.88696908247448,122.39382239382239,221.37379126375461
2020-12-23,323.03536209339148,122.9042601923958,216.88896298766255
2020-12-24,329.6827689658046,123.23800798377071,216.63887962654221
2020-12-25,342.9206366843523,,
2020-12-26,367.43242867857441,,
2020-12-27,364.7504097336037,,
2020-12-28,375.8132170338065,123.05477390223155,215.07169056352117
2020-12-29,380.23278424400672,123.21837576074866,215.78859619873293
2020-12-30,400.96530459179422,123.90550356652052,219.17305768589532
2020-12-31,402.08616906025168,124.01675283031214,217.65588529509841
2021-01-01,407.78771632545352,,
2021-01-02,447.14158726631297,,
2021-01-03,457.77521597822164,,
2021-01-04,444.77068807466873,127.38695111576467,218.62287429143049
2021-01-05,472.11728103558431,127.89738891433808,223.49116372124044
2021-01-06,511.03086196838791,124.90020286630457,210.3034344781594
2021-01-07,548.07355759882216,125.22740658333879,222.47415805268423
2021-01-08,563.89483041195592,120.10994044892351,221.35711903967993
2021-01-09,557.68076891024748,,
2021-01-10,530.461957276591,,
2021-01-11,493.68454679296644,121.11772789738893,227.09236412137383
2021-01-12,473.29231367537983,120.68581899090374,224.82494164721575
2021-01-13,519.21164476791012,121.386034945357,225.60853617872624
2021-01-14,544.12205894608178,121.15699234343305,220.07335778592866
2021-01-15,511.76143781771719,119.75001636018587,214.40480160053349
2021-01-16,500.28473013139251,,
2021-01-17,497.78604961248919,,
2021-01-18,508.53079252201445,120.42405601727637,
2021-01-19,500.05416817133812,120.54184935540869,217.15571857285764
2021-01-20,492.74007611322537,122.1451475688764,222.84094698232747
2021-01-21,428.37439928886909,122.10588312283228,231.21040346782263
2021-01-22,458.35300980582792,121.47110791178588,228.62620873624545
2021-01-23,445.6915469874163,,
2021-01-24,447.80827245201255,,
2021-01-25,447.96105447373537,121.40566716837904,227.62587529176392
2021-01-26,451.43059529431372,121.12427197172961,223.99133044348116
2021-01-27,422.28950804189003,120.73162751128854,215.37179059686565
2021-01-28,463.55176532681463,120.48949676068321,217.5891963987996
2021-01-29,476.42712297563827,121.0850075256855,216.57219073024345
2021-01-30,476.1673935387094,,
2021-01-31,459.84749576377118,,
2021-02-01,465.508764132337,121.9750016360186,220.69023007669225
2021-02-02,492.86369065807378,119.97905896210983,226.02534178059352
2021-02-03,522.88674685407932,120.09030822590145,225.57519173057688
2021-02-04,513.65454595961,117.21745959034095,227.80926975658554
2021-02-05,531.92588683018971,118.64406779661019,226.59219739913303
2021-02-06,545.2457012694797,,
2021-02-07,539.63860107225207,,
2021-02-08,644.40262229506368,120.03141155683529,240.73024341447149
2021-02-09,645.970721408928,120.24736601007788,237.79593197732578
2021-02-10,622.7395205422373,120.58765787579348,246.14871623874626
2021-02-11,666.55601544487342,119.54715005562464,254.26808936312102
2021-02-12,657.958554404289,119.31156337936,249.43314438146052
2021-02-13,655.13903163976772,,
2021-02-14,675.62154504291789,,
2021-02-15,665.80043890108061,117.72789738891434,
2021-02-16,682.93147031861986,117.72789738891434,255.58519506502168
2021-02-17,723.34231506430729,116.013349911655,248.51617205735246
2021-02-18,716.439345537376,116.15731954715007,247.2324108036012
2021-02-19,776.50212505902937,116.3143773313265,248.84961653884631
2021-02-20,776.73963165643488,,
2021-02-21,797.71382538403839,,
2021-02-22,751.57365482374519,118.3430403769387,239.34644881627213
2021-02-23,679.34109280813345,118.17943851842159,235.7785928642881
2021-02-24,690.26222950637509,117.65591257116684,241.73057685895301
2021-02-25,651.80282785632937,116.18349584451279,221.85728576192062
2021-02-26,643.70676963248968,113.13395720175382,228.65955318439481
2021-02-27,640.80530014722626,,
2021-02-28,627.29520264451787,,
2021-03-01,688.84552348676357,112.75440088999412,230.77692564188061
2021-03-02,672.57701602822294,113.44807277010666,223.50783594531515
2021-03-03,699.95138753854269,112.28322753746482,213.48782927642551
2021-03-04,672.62979527209086,111.29507231202147,206.23541180393468
2021-03-05,677.69243590099722,111.15110267652642,207.75258419473158
2021-03-06,678.5688491346981,,
2021-03-07,708.10716964360131,,
2021-03-08,726.5618489402483,109.80956743668608,193.28109369789931
2021-03-09,762.229506375177,112.35521235521237,208.73624541513837
2021-03-10,775.742381732826,112.6758719979059,207.86928976325444
2021-03-11,802.79313314258718,112.72822459263136,216.62220740246752
2021-03-12,795.37070474179836,112.54499051109221,214.33811270423476
2021-03-13,849.9583321758937,,
2021-03-14,821.04641795605426,,
2021-03-15,774.90069168588013,113.16013349911655,219.92330776925644
2021-03-16,790.15667101863926,113.2713827629082,221.59053017672559
2021-03-17,818.26578516069878,113.02270793796218,222.42414138046013
2021-03-18,800.80002222283952,113.37608795235914,212.1040346782261
2021-03-19,806.80018889413589,113.97814279170213,214.17139046348782
2021-03-20,806.875190977527,,
2021-03-21,797.01936164893471,,
2021-03-22,752.21950609739167,113.74255611543747,219.839946648883
2021-03-23,756.30573071474214,112.89182645114848,217.92264088029344
2021-03-24,726.76185449595823,113.42189647274394,210.78692897632547
2021-03-25,712.82952304230673,112.89182645114848,208.98632877625874
2021-03-26,764.411511430873,113.36299980367777,214.05468489496496
2021-03-27,775.89516375454878,,
2021-03-28,774.538181616156,,
2021-03-29,800.24722908969682,112.04764086120021,215.87195731910634
2021-03-30,816.29073029806386,110.33309338394083,214.60486828942985
2021-03-31,816.185171810328,112.27013938878345,222.540846948983
2021-04-01,815.55459873885388,113.10778090439109,230.27675891963989
2021-04-02,819.1519208866913,,
2021-04-03,792.52062557293254,,
2021-04-04,808.35439873329824,,
2021-04-05,819.37553820939468,113.13395720175382,233.2110703567856
2021-04-06,805.52654240395577,114.06321575813101,231.11037012337451
2021-04-07,777.08686352398672,113.97159871736142,235.79526508836278
2021-04-08,806.652962582294,115.05791505791507,238.69623207735913
2021-04-09,807.2265896274896,114.18100909626334,240.08002667555854
2021-04-10,829.86194060946139,,
2021-04-11,833.06064057334925,,
2021-04-12,831.46476291008082,113.3891761010405,253.567855951984
2021-04-13,882.537014917081,114.36424317780249,261.403801267089
2021-04-14,874.752076446568,113.62476277730515,254.70156718906307
2021-04-15,878.02438956637673,115.62070545121392,269.03967989329777
2021-04-16,852.51951443095641,116.49761141286565,265.30510170056687
2021-04-17,833.93844273452032,,
2021-04-18,780.67585210700292,,
2021-04-19,772.8839689991388,115.86938027615994,256.11870623541182
2021-04-20,784.51068085224586,116.37981807473335,252.93431143714577
2021-04-21,747.52354232062,117.34179700281395,256.08536178726246
2021-04-22,718.48523570099167,116.61540475099798,247.58252750916972
2021-04-23,710.3475096530459,116.34055362868922,254.50150050016674
2021-04-24,695.69849162476737,,
2021-04-25,680.06889080252222,,
2021-04-26,750.30556404344566,116.49106733852497,258.05268422807603
2021-04-27,764.41706714075394,116.40599437209606,256.45215071690563
2021-04-28,761.70726964637913,116.08533472940255,254.70156718906307
2021-04-29,743.92066446290175,115.71886656632419,255.50183394464824
2021-04-30,801.69310258618293,115.67960212028009,250.25008336112035
2021-05-01,802.898691630323,,
2021-05-02,786.18572738131616,,
2021-05-03,794.04705686269062,117.25672403638505,247.36578859619874
2021-05-04,746.43045640156674,116.22276029055692,239.26308769589863
2021-05-05,797.817994944304,116.76591846083373,241.06368789596533
2021-05-06,783.43009528042444,118.82075780380865,242.13071023674559
2021-05-07,796.372121447818,119.84163340095544,246.94898299433149
2021-05-08,817.24631239756661,,
2021-05-09,808.88774688185788,,
2021-05-10,775.70071390871965,120.25391008441856,237.84594864954985
2021-05-11,787.46215172643679,120.15574896930829,238.51283761253751
2021-05-12,685.91071974221506,119.28538708199726,229.39313104368125
2021-05-13,690.36084335675991,119.36391597408547,227.82594198066028
2021-05-14,692.23867329648044,120.28663045612198,237.462487495832
2021-05-15,648.75135420428342,,
2021-05-16,644.82902302841751,,
2021-05-17,604.75707658546071,122.2171323866239,236.16205401800602
2021-05-18,595.81238367732442,122.24330868398665,233.67789263087695
2021-05-19,510.02111169754716,123.12675871997907,234.51150383461155
2021-05-20,565.53237589933042,123.15293501734182,243.63121040346783
2021-05-21,518.03383427317419,122.8126431516262,249.94998332777593
2021-05-22,520.1297258257174,,
2021-05-23,481.67587988555232,,
2021-05-24,538.21772827022971,123.3230809501996,260.28676225408469
2021-05-25,533.04675129864722,124.206530986192,260.88696232077359
2021-05-26,545.14292063668427,124.41594136509391,261.75391797265758
2021-05-27,533.58843301202819,124.05601727635627,258.21940646882291
2021-05-28,495.32625906275172,124.68424841306198,270.84028009336447
2021-05-29,480.355009861385,,
2021-05-30,495.19153309814163,,
2021-05-31,518.05050140281674,124.66461619003992,
2021-06-01,509.56415455984887,124.66461619003992,271.17372457485828
2021-06-02,521.62282285619051,124.98527583273346,279.72657552517506
2021-06-03,544.28317453262594,122.59014462404294,282.92764254751586
2021-06-04,511.83782882857861,123.81388652575095,293.0643547849283
2021-06-05,493.34703741770608,,
2021-06-06,497.449929164699,,
2021-06-07,466.37406594627623,124.25888358091748,293.74791597199066
2021-06-08,463.66426845190142,123.97094430992736,291.04701567189062
2021-06-09,518.51718103280632,124.0429291276749,289.39646548849618
2021-06-10,509.03358426622958,124.10182579674107,290.51350450150051
2021-06-11,518.27272979804991,123.00242130750605,297.18239413137712
2021-06-12,492.61785049584705,,
2021-06-13,541.99977777160473,,
2021-06-14,562.92397011028083,122.10588312283228,300.41680560186734
2021-06-15,557.73910386399621,121.48419606046726,296.56552184061354
2021-06-16,532.45923497874946,121.81139977750148,296.93231077025672
2021-06-17,528.51468096336009,116.1442313984687,311.05368456152053
2021-06-18,496.53323703436206,115.764675086709,310.75358452817608
2021-06-19,493.25536820467232,,
2021-06-20,494.39984444012339,,
2021-06-21,440.17889385816272,116.67430142006414,307.21907302434147
2021-06-22,451.3514264285119,116.3143773313265,314.88829609869958
2021-06-23,467.71160310008611,116.70702179176757,317.72257419139714
2021-06-24,481.48281896719357,116.2685688109417,320.19006335445152
2021-06-25,438.81774493735929,116.34055362868922,317.28909636545518
2021-06-26,447.83743992888691,,
2021-06-27,481.65921275590983,,
2021-06-28,478.84524570126945,116.53033178456909,333.19439813271094
2021-06-29,497.717992166449,115.41129507231203,333.894631543848
2021-06-30,486.49823606211288,115.93482101956678,333.47782594198071
2021-07-01,465.89627489652486,116.27511288528238,336.9789929976659
2021-07-02,469.6436012111447,116.70047771742686,341.56385461820611
2021-07-03,482.55229311925331,,
2021-07-04,490.26639628878581,,
2021-07-05,467.89910830856411,117.4137818205615,
2021-07-06,475.36876024334003,117.46613441528697,345.09836612204072
2021-07-07,470.39917775493763,117.93076369347555,339.64654884961652
2021-07-08,456.48906914080953,117.80642628100256,331.82727575858621
2021-07-09,469.42137281591158,118.48701001243373,334.27809269756585
2021-07-10,465.43792883135637,,
2021-07-11,475.3979277202144,,
2021-07-12,459.91555320981138,118.17943851842159,341.99733244414807
2021-07-13,454.56957137698265,118.44120149204895,337.61253751250416
2021-07-14,455.85571821439481,119.42935671749231,330.79359786595535
2021-07-15,442.24145115142085,119.6911196911197,316.20540180060021
2021-07-16,436.0398899969444,118.77494928342387,302.78426142047351
2021-07-17,437.77049362482285,,
2021-07-18,441.4761521153365,,
2021-07-19,428.30634184282894,118.39539297166417,313.10436812270763
2021-07-20,413.81427261868379,118.53936260715923,310.30343447815937
2021-07-21,446.28184116225452,118.01583665990447,323.60786928976324
2021-07-22,448.60829467485212,118.14671814671816,326.67555851950652
2021-07-23,466.72546459623885,117.91113147045351,326.07535845281762
2021-07-24,469.80193894274845,,
2021-07-25,491.55670990860852,,
2021-07-26,517.74493735937108,117.74098553759571,321.67389129709903
2021-07-27,547.95966554626511,117.78024998363983,320.24008002667557
2021-07-28,555.615433762049,117.77370590929914,325.15838612870959
2021-07-29,555.5904330675852,120.13611674628623,327.80926975658559
2021-07-30,586.17461596155454,118.91891891891892,325.09169723241087
2021-07-31,577.15075418761626,,
2021-08-01,553.88066335175972,,
2021-08-02,544.02066724075667,119.24612263595316,329.27642547515836
2021-08-03,529.60221117253252,118.71605261435769,330.36012004001338
2021-08-04,551.91671990888642,118.74222891172043,338.01267089029682
2021-08-05,567.61576710464169,118.37576074864211,344.06468822940985
2021-08-06,594.39706658518287,115.3785747006086,339.54651550516843
2021-08-07,619.658879413317,,
2021-08-08,608.25022917303261,,
2021-08-09,642.85535709325256,112.98344349191807,338.36278759586531
2021-08-10,633.26481291146979,113.32373535763367,332.37745915305106
2021-08-11,632.85507930775861,114.73725541522153,328.42614204734912
2021-08-12,616.7310203061196,114.63909430011125,331.86062020673563
2021-08-13,664.03372315897661,116.36672992605197,336.5788596198733
2021-08-14,653.92788688574683,,
2021-08-15,652.67507430761964,,
2021-08-16,638.855245979055,117.12584254957137,332.61087029009673
2021-08-17,620.7339092752577,116.99496106275768,324.4081360453485
2021-08-18,621.18114392066457,116.77246253517441,317.43914638212743
2021-08-19,649.40553904275123,116.68738956874549,330.07669223074356
2021-08-20,685.07458540515017,116.74628623781167,347.04901633877961
2021-08-21,678.84941248368011,,
2021-08-22,684.10928081335589,,
2021-08-23,688.07050195838769,118.20561481578432,366.08869623207738
2021-08-24,662.7225756271007,118.34958445127937,363.33777925975329
2021-08-25,680.49806939081645,117.20437144165959,370.34011337112372
2021-08-26,650.45695713769817,117.47922256396835,367.92264088029344
2021-08-27,681.46754076502123,119.06943262875467,377.39246415471831
2021-08-28,679.14525403483424,,
2021-08-29,677.482707852996,,
2021-08-30,652.69451929220259,118.5917152018847,378.25941980660224
2021-08-31,654.60707241867829,118.97781558798508,373.20773591197064
2021-09-01,678.066057390483,118.8403900268307,374.14138046015341
2021-09-02,684.3842884524571,118.54590668149991,373.39113037679226
2021-09-03,694.44984582905079,119.99869118513186,380.84361453817939
2021-09-04,693.33037028806359,,
2021-09-05,719.02830634184284,,
2021-09-06,731.57726603516767,117.69517701721092,
2021-09-07,649.73471485319033,117.6231921994634,377.82594198066028
2021-09-08,639.75943776216,117.3679733001767,372.44081360453481
2021-09-09,644.26234062057279,117.79333813232118,369.73991330443482
2021-09-10,622.8339676102114,117.27635625940711,374.758252750917
2021-09-11,627.26603516764362,,
2021-09-12,639.771938109392,,
2021-09-13,624.31595322092278,117.42686996924286,369.32310770256754
2021-09-14,653.87232978693851,118.25796741050978,370.82360786928973
2021-09-15,668.49912497569369,117.4530462666056,372.47415805268423
2021-09-16,663.1850884746799,114.9597539428048,370.82360786928973
2021-09-17,656.72379788327464,114.61291800274853,365.1217072357453
2021-09-18,670.94502625072914,,
2021-09-19,656.1112808689129,,
2021-09-20,595.44154004277891,115.42438322099341,352.000666888963
2021-09-21,564.61707269646388,116.36672992605197,354.218072690897
2021-09-22,604.900136114892,116.40599437209606,365.80526842280761
2021-09-23,623.20064446234608,114.50821281329758,374.82494164721578
2021-09-24,594.73735381538381,114.63255022577057,368.13937979326442
2021-09-25,592.88869135253753,,
2021-09-26,600.06389066362954,,
2021-09-27,585.74682630073062,114.65218244879263,361.12037345781926
2021-09-28,569.76999361093362,113.70329166939337,345.09836612204072
2021-09-29,576.91602544515126,112.74785681565345,342.0640213404468
2021-09-30,608.67385205144592,114.97938616582685,345.38179393131043
2021-10-01,668.71301980610576,115.07100320659644,345.81527175725239
2021-10-02,662.05866829634158,,
2021-10-03,669.464429567488,,
2021-10-04,683.73149254145949,115.6730580459394,328.97632544181391
2021-10-05,714.87124642351182,115.23460506511356,340.96365455151715
2021-10-06,768.39912219783878,115.29350173417971,345.1150383461154
2021-10-07,747.01936164893471,115.12335580132191,351.36712237412473
2021-10-08,748.836078779966,115.00556246318961,347.2990996999
2021-10-09,763.11147531875883,,
2021-10-10,759.57248812467014,,
2021-10-11,798.3180088335788,114.89431319939796,345.03167722574193
2021-10-12,778.02022278396623,115.1298998756626,344.63154384794933
2021-10-13,796.967971332537,117.44650219226492,349.09969989996665
2021-10-14,796.49156921025588,117.65591257116684,362.55418472824277
2021-10-15,856.586294063724,115.71886656632419,364.488162720907
2021-10-16,845.31653657046024,,
2021-10-17,854.57234923192311,,
2021-10-18,861.91699769438037,115.54872063346639,370.490163387796
2021-10-19,892.78174393733161,115.86283620181925,371.623874624875
2021-10-20,916.40184449568039,116.80518290687783,368.50616872290766
2021-10-21,864.05455707102965,116.6088606766573,378.32610870290097
2021-10-22,842.94424845134586,117.55120738171586,378.8929643214405
2021-10-23,851.58615517097689,,
2021-10-24,845.39153865385151,,
2021-10-25,875.9548876357677,118.23833518748773,386.2287429143048
2021-10-26,837.67326870190834,117.361429225836,412.08736245415139
2021-10-27,811.66282396733232,117.71480924023297,407.65255085028349
2021-10-28,841.44698463846214,117.96348406517897,415.8219406468823
2021-10-29,864.50734742631744,116.73974216347098,426.25875291763924
2021-10-30,858.91413650379172,,
2021-10-31,851.54587627434091,,
2021-11-01,846.06933525931277,117.51848701001244,430.59353117705905
2021-11-02,878.10355843217872,117.09966625220865,440.16338779593195
2021-11-03,873.89233034250947,115.43092729533409,443.44781593864627
2021-11-04,852.97647156865469,117.3679733001767,496.84894964988331
2021-11-05,846.88880246673523,118.89274262155618,496.03201067022337
2021-11-06,853.96677685491261,,
2021-11-07,878.81885607933543,,
2021-11-08,937.91355315425415,119.62567894771286,513.571190396799
2021-11-09,929.25359037751036,119.80891302925201,511.12037345781926
2021-11-10,901.86671851995879,120.95412603887181,491.14704901633877
2021-11-11,900.11805883496766,121.9750016360186,506.66888962987662
2021-11-12,890.78168838023282,122.27602905569009,506.66888962987662
2021-11-13,894.44984582905067,,
2021-11-14,909.86138503847314,,
2021-11-15,883.32870357509933,122.15169164321706,500.58352784261422
2021-11-16,834.59401650045834,121.33368235063151,503.55118372790929
2021-11-17,838.46495735992676,122.38727831948172,487.84594864954994
2021-11-18,791.06780743909553,121.81139977750148,528.09269756585536
2021-11-19,806.73629823050635,121.17008049211439,549.93331110370139
2021-11-20,829.43415094863747,,
2021-11-21,815.49904164004556,,
2021-11-22,782.08839134420407,118.20561481578432,532.77759253084355
2021-11-23,799.64999027750764,116.7331980891303,529.27642547515836
2021-11-24,794.07344648462447,116.76591846083373,544.74824941647228
2021-11-25,818.56579349426363,117.01459328577972,
2021-11-26,746.28323008972473,116.93606439369152,525.22507502500832
2021-11-27,760.65862940637237,,
2021-11-28,795.73738159393315,,
2021-11-29,802.72785355148756,116.82481512989989,556.45215071690563
2021-11-30,790.06222395066527,116.25548066226033,544.78159386462153
2021-12-01,794.60957248812474,116.76591846083373,524.09136378792937
2021-12-02,784.68846356843244,115.35239840324587,535.61187062354122
2021-12-03,744.90263618433846,116.73974216347098,511.72057352450821
2021-12-04,683.28564682352282,,
2021-12-05,686.2065612933693,,
2021-12-06,702.27089641378916,116.45180289248087,500.78359453151052
2021-12-07,702.73063140642785,116.79209475819647,540.63021007002328
2021-12-08,701.04586238506624,116.84444735292195,530.61020340113373
2021-12-09,661.08225228478568,116.2685688109417,508.3361120373458
2021-12-10,654.70151948665239,116.79863883253714,503.46782260753588
2021-12-11,684.94263729548038,,
2021-12-12,695.58876635462093,,
2021-12-13,648.67912997583255,117.0276814344611,469.50650216738916
2021-12-14,671.77560487791322,115.98062953995158,472.44081360453487
2021-12-15,678.78968860246118,115.47019174137819,507.81927309103037
2021-12-16,661.52115336537122,117.67554479418887,473.27442480826943
2021-12-17,641.29836939914992,118.11399777501475,463.50450150050017
2021-12-18,650.79863329536931,,
2021-12-19,648.69163032306449,,
2021-12-20,651.34031500875017,117.43995811792422,462.13737912637549
2021-12-21,679.21331148087449,117.05385773182384,484.74491497165724
2021-12-22,675.01458373843718,117.93730776781626,490.16338779593195
2021-12-23,705.589044140115,118.55899483018129,494.16472157385795
2021-12-24,705.382093947054,,
2021-12-25,700.10833634267624,,
2021-12-26,705.29598044390116,,
2021-12-27,703.88344120670013,118.36921667430143,515.92197399133045
2021-12-28,660.368343565099,118.50664223545581,505.53517839279766
2021-12-29,645.31931442540065,118.17289444408088,500.18339446482162
2021-12-30,654.50845856829358,118.71605261435769,493.26442147382465
2021-12-31,641.95533209255814,119.66494339375696,490.34678226075357
2022-01-01,663.0461957276591,,
2022-01-02,657.12658684963469,,
2022-01-03,644.88180227228531,117.79988220666186,502.18406135378456
2022-01-04,636.646851301425,118.74877298606113,488.32944314771589
2022-01-05,603.15425428484127,119.43590079183299,460.22007335778596
2022-01-06,598.59301647267978,117.08657810352727,469.78992997665887
2022-01-07,577.05352926470175,117.6231921994634,454.26808936312113
2022-01-08,578.79385538487179,,
2022-01-09,581.24253451484765,,
2022-01-10,581.01891719214416,117.71480924023297,456.81893964654893
2022-01-11,593.53315369871382,119.00399188534783,463.77125708569525
2022-01-12,609.753048695797,119.57987042732805,466.80560186728917
2022-01-13,591.12753132031446,119.19377004122768,443.0643547849283
2022-01-14,598.25689602488956,118.87311039853414,449.18306102034018
2022-01-15,598.58607183532877,,
2022-01-16,598.33745381816163,,
2022-01-17,586.25656268229682,118.60480335056607,
2022-01-18,588.41356704352893,118.71605261435769,431.86062020673558
2022-01-19,578.87441317814387,120.6203782474969,417.92264088029344
2022-01-20,565.51431984221779,120.58111380145277,402.63421140380126
2022-01-21,506.61823939553881,119.87435377265886,389.69656552184063
2022-01-22,487.169088030223,,
2022-01-23,503.75704880691126,,
2022-01-24,509.54609850273619,120.52221713238664,389.66322107369126
2022-01-25,513.21703380649467,121.22897716118055,372.19073024341452
2022-01-26,511.130864746243,119.73692821150451,379.65988662887634
2022-01-27,516.18517181032814,117.34179700281395,365.85528509503172
2022-01-28,524.25206255729324,116.91643217066947,380.79359786595535
2022-01-29,530.16472679796664,,
2022-01-30,526.64935137087139,,
2022-01-31,534.7176310453068,117.55775145605656,408.23607869289765
2022-02-01,537.64965693491479,117.89149924743145,410.77025675225076
2022-02-02,512.37812161448926,118.4673777894117,420.84028009336441
2022-02-03,517.90049723603431,118.06164518028925,399.26642214071359
2022-02-04,577.34381510597507,118.30377593089459,405.45181727242419
2022-02-05,575.18403288980244,,
2022-02-06,588.79691102530614,,
2022-02-07,608.82107836328782,119.2199463385904,412.270756918973
2022-02-08,611.65865718492171,119.61913487337216,418.60620206735587
2022-02-09,616.52962582293947,120.18846934101171,445.23174391463823
2022-02-10,604.47512430900861,120.2408219357372,430.54351450483495
2022-02-11,588.74413178143834,120.54839342974937,399.28309436478833
2022-02-12,586.19961665601818,,
2022-02-13,584.19817217144919,,
2022-02-14,590.99280535570426,122.33492572475623,404.58486162054015
2022-02-15,618.68940803911221,121.47110791178588,441.730576858953
2022-02-16,609.511375315981,122.47235128591061,441.99733244414813
2022-02-17,563.24897913830932,124.46829395981939,408.58619539846615
2022-02-18,555.57237701047245,124.32432432432432,394.16472157385795
2022-02-19,556.82518958859976,,
2022-02-20,532.72313119808882,,
2022-02-21,514.14900413900386,124.82167397421635,
2022-02-22,531.23975665990713,124.82167397421635,389.96332110703571
2022-02-23,517.02269507486312,125.0179962044369,373.24108036012007
2022-02-24,532.50368065779594,126.05850402460572,395.93197732577528
2022-02-25,544.5929053584822,123.52594725476082,402.75091697232409
2022-02-26,543.28592460901689,,
2022-02-27,523.47426317397708,,
2022-02-28,599.852773688158,124.38322099339049,406.55218406135384
2022-03-01,616.96574904858471,127.20371703422551,391.41380460153391
2022-03-02,609.91694213728169,125.79674105097834,403.80126708902964
2022-03-03,589.78027167421317,126.68673516131143,395.36512170723574
2022-03-04,543.66371288091329,128.69576598390157,382.39413137712575
2022-03-05,547.17908830800855,,
2022-03-06,533.39120531125866,,
2022-03-07,528.13689269146369,130.61317976572215,355.98532844281431
2022-03-08,538.13717047695775,133.71507100320662,358.6862287429143
2022-03-09,582.36339898330516,130.10928604148944,383.69456485495164
2022-03-10,547.463818439401,130.90766311105295,377.75925308436149
2022-03-11,537.93438706630741,129.89987566258753,368.45615205068356
2022-03-12,539.10247506875191,,
2022-03-13,524.90902525070146,,
2022-03-14,551.00280563348974,128.31620967214187,355.61853951317113
2022-03-15,545.64987916331006,126.281002552189,383.01100366788933
2022-03-16,571.10891969221359,124.93946731234868,408.40280093364453
2022-03-17,568.27689658046063,127.1644525881814,412.90430143381133
2022-03-18,580.12444790133054,126.25482625482627,441.03034344781588
2022-03-19,586.5857384927358,,
2022-03-20,573.29370260285009,,
2022-03-21,569.765826828523,126.26791440350765,445.7152384128043
2022-03-22,588.5302369510265,125.74438845625286,442.21407135711911
2022-03-23,596.01655601544485,126.77835220208102,427.37579193064352
2022-03-24,611.30864746242946,128.40782671291146,469.32310770256754
2022-03-25,615.72543681768934,127.88430076565672,461.68722907635879
2022-03-26,618.73940942803961,,
2022-03-27,650.83752326453509,,
2022-03-28,654.25428484124564,126.94195406059814,470.47349116372129
2022-03-29,659.03219533875938,125.13578954256921,477.75925308436149
2022-03-30,653.83760660018334,126.88960146587267,461.65388462820937
2022-03-31,632.309230811967,127.87121261697534,454.91830610203408
2022-04-01,643.031750881969,125.88835809174795,445.34844948316106
2022-04-02,636.28156337676046,,
2022-04-03,644.55957109919723,,
2022-04-04,647.64299008305784,126.56239774883844,456.15205068356124
2022-04-05,632.04533459262757,126.13703291669394,432.327442480827
2022-04-06,599.64165671268643,125.84909364570382,406.918972990997
2022-04-07,603.461207255757,126.81107257378443,403.60120040013339
2022-04-08,587.16908803022307,127.32151037235784,385.44514838279429
2022-04-09,594.002611183644,,
2022-04-10,585.26625739603878,,
2022-04-11,548.58468290785856,127.49165630521564,365.405135045015
2022-04-12,556.65435150976407,129.31745304626659,358.51950650216742
2022-04-13,571.30753632045332,129.88024343956548,370.17339113037679
2022-04-14,554.68207450206955,129.23892415417842,354.41813937979327
2022-04-15,563.34898191616435,,
2022-04-16,560.87669101919494,,
2022-04-17,551.445873496486,,
2022-04-18,566.72407566876859,129.99149270335712,363.17105701900635
2022-04-19,576.44656796022116,128.19841633400958,370.09003001000337
2022-04-20,574.57151587544092,127.97591780642628,358.15271757252418
2022-04-21,562.26561848940241,127.49165630521564,336.49549849949989
2022-04-22,551.52920914469848,126.58202997186048,325.35845281760589
2022-04-23,547.48743020639461,,
2022-04-24,548.12633684269008,,
2022-04-25,561.50170838078827,124.07564949937833,331.81060353451153
2022-04-26,529.3619267201866,124.60571952097376,313.23774591530508
2022-04-27,545.05680713353149,123.59793207250836,307.01900633544517
2022-04-28,552.07089085807934,123.76807800536615,329.80993664554853
2022-04-29,535.86210728075775,125.10306917086579,309.21973991330447
2022-04-30,522.93119253312591,,
2022-05-01,534.19539431650878,,
2022-05-02,534.93152587571876,121.95536941299653,325.65855285095034
2022-05-03,523.875663212867,122.41345461684445,326.80893631210404
2022-05-04,551.23753437595485,122.29566127871212,339.01300433477826
2022-05-05,507.56965471263095,122.74720240821937,314.17139046348785
2022-05-06,500.13889274702075,123.21183168640798,311.353784594865
2022-05-07,492.62479513319812,,
2022-05-08,473.06869635267645,,
2022-05-09,417.99772215894882,121.62816569596231,282.59419806602205
2022-05-10,430.67168532459232,120.47640861200183,293.34778259419807
2022-05-11,403.73621489485822,121.30750605326877,277.25908636212074
2022-05-12,402.45562376732681,119.40318042012959,269.67322440813609
2022-05-13,406.73907608544681,118.32995222825733,295.19839946648887
2022-05-14,417.79493874829859,,
2022-05-15,434.85513486485735,,
2022-05-16,414.58096058223839,118.70950854001703,287.82927642547514
2022-05-17,422.75479874440958,119.03016818271057,303.0510170056686
2022-05-18,398.3957887719103,118.83384595249002,282.39413137712569
2022-05-19,420.92697019361651,120.48949676068321,285.49516505501839
2022-05-20,405.26959082196726,120.54839342974937,278.32610870290097
2022-05-21,408.82524514569843,,
2022-05-22,420.65890719186643,,
2022-05-23,404.08483568988026,120.92140566716839,281.727242414138
2022-05-24,411.79893885941271,122.07316275112888,269.32310770256748
2022-05-25,410.29750826411845,120.8232445520581,283.01100366788933
2022-05-26,405.61543376204889,120.90831751848701,297.61587195731909
2022-05-27,397.24992360898909,121.54309272953341,313.62120706902306
2022-05-28,403.16536570460289,,
2022-05-29,409.250256951582,,
2022-05-30,440.6136281563376,120.9606701132125,
2022-05-31,441.58726631295309,120.9606701132125,311.30376792264087
2022-06-01,413.87955220978358,120.98030233623456,305.43514504834945
2022-06-02,423.00480568904692,122.46580721156994,326.6422140713571
2022-06-03,412.52395899886108,121.0784634513448,312.10403467822607
2022-06-04,414.79346648518015,,
2022-06-05,415.4698741631712,,
2022-06-06,435.67321314480949,120.65309861920032,313.20440146715578
2022-06-07,432.35645434595409,121.2028008638178,315.53851283761253
2022-06-08,419.47831884219005,121.49074013480794,310.90363454484827
2022-06-09,418.0366121281146,121.24860938420261,300.90030010003335
2022-06-10,403.94594294285946,122.73411425953799,282.99433144381464
2022-06-11,394.5026250729187,,
2022-06-12,369.54220950581959,,
2022-06-13,311.78643851218089,119.87435377265886,260.87029009669891
2022-06-14,307.74882635628768,118.67678816831359,264.02134044681566
2022-06-15,313.59065529598047,119.07597670309535,275.54184728242751
2022-06-16,283.15508764132335,121.05883122832277,260.10336778926313
2022-06-17,283.96066557404367,120.45023231463909,264.75491830610207
2022-06-18,263.70871413094807,,
2022-06-19,285.80238339953888,,
2022-06-20,285.73432595349868,120.33243897650678,
2022-06-21,287.791327536876,120.33243897650678,276.19206402134046
2022-06-22,277.31048084669021,120.30626267914404,272.757585861954
2022-06-23,293.07341870607513,119.74347228584517,270.50683561187066
2022-06-24,294.82624517347705,119.77619265754859,285.5285095031677
2022-06-25,298.47912442012279,,
2022-06-26,292.27895219311648,,
2022-06-27,287.92744242895634,119.41626856881093,281.243747915972
2022-06-28,281.646712408678,119.18068189254632,266.45548516172062
2022-06-29,279.33137031584209,118.93855114194099,259.11970656885626
2022-06-30,276.76602127836884,118.27105555919115,252.73424474824941
2022-07-01,267.54770965860166,117.89149924743145,242.13071023674559
2022-07-02,267.27409094697077,,
2022-07-03,268.20050556959916,,
2022-07-04,280.7827995222089,115.43092729533409,
2022-07-05,280.57168254673741,115.75813101236831,249.48316105368457
2022-07-06,285.57876607683545,113.63785092598653,252.2507502500834
2022-07-07,300.53334814855964,113.84726130488842,264.38812937645883
2022-07-08,300.1638934414845,114.01740723774623,264.05468489496496
2022-07-09,299.83471763104529,,
2022-07-10,289.55526542403953,,
2022-07-11,277.27436873246478,113.32373535763367,252.61753917972661
2022-07-12,268.49218033834273,112.87219422812645,251.45048349449817
2022-07-13,281.25781271701993,113.57241018257969,252.81760586862285
2022-07-14,285.92460901691715,111.62882010339639,256.28542847615876
2022-07-15,289.24553459818327,111.48485046790131,262.78759586528844
2022-07-16,294.59012750354179,,
2022-07-17,288.69690824745129,,
2022-07-18,312.86702408400231,111.9167593743865,268.43947982660887
2022-07-19,325.15069863051752,111.94947974608993,283.29443147715904
2022-07-20,322.44229006361292,111.26235194031806,296.88229409803267
2022-07-21,321.57837717714381,112.12616975328842,300.93364454818271
2022-07-22,314.94208172449237,113.04234016098424,288.74624874958317
2022-07-23,311.95866551848661,,
2022-07-24,313.64899024972914,,
2022-07-25,295.86794077613268,112.49918199070741,283.82794264754921
2022-07-26,295.1290313619823,112.40756494993785,275.64188062687566
2022-07-27,318.87413539264975,112.49918199070741,296.59886628876296
2022-07-28,331.25920164449008,115.77776323539038,299.83327775925312
2022-07-29,330.207783549543,116.60231660231662,302.81760586862288
2022-07-30,328.26189616378235,,
2022-07-31,323.66732409233589,,
2022-08-01,323.22008944692908,116.988416988417,307.45248416138713
2022-08-02,319.29498041612266,117.11929847523068,308.86962320773591
2022-08-03,316.96436012111445,116.24893658791966,314.98832944314773
2022-08-04,314.06566849079138,118.24487926182843,320.35678559519846
2022-08-05,323.73399261090589,117.21745959034095,316.58886295431807
2022-08-06,318.67829661935053,,
2022-08-07,321.88810800300007,,
2022-08-08,330.79113308703018,118.13362999803678,296.648882960987
2022-08-09,321.49087474652072,118.59825927622538,284.86162054018013
2022-08-10,332.82730075835445,118.68987631699497,301.71723907969323
2022-08-11,332.44395677657712,118.26451148485049,299.133044348116
2022-08-12,338.88024667351868,118.80766965512728,311.92064021340451
2022-08-13,339.48859690546959,,
2022-08-14,337.54826522958967,,
2022-08-15,334.75513208700238,117.66900071984819,317.30576858952986
2022-08-16,331.35364871246418,117.11929847523068,314.754918306102
2022-08-17,324.14789299702772,116.2685688109417,305.6852284094698
2022-08-18,322.28117447706882,115.90864472220406,312.98766255418468
2022-08-19,289.3316481013361,115.36548655192725,297.58252750916972
2022-08-20,293.60398899969448,,
2022-08-21,298.85830161948945,,
2022-08-22,297.45687380205004,114.41659577252798,283.99466488829609
2022-08-23,298.85830161948945,115.2542372881356,286.44548182727578
2022-08-24,296.747131864774,115.27386951115766,287.12904301433815
2022-08-25,299.52776466012944,115.92173287088544,298.64954984995
2022-08-26,281.25642378954973,114.50821281329758,271.09036345448482
2022-08-27,278.25634045390154,,
2022-08-28,271.53809828050777,,
2022-08-29,281.89394149837494,114.50166873895688,263.43781260420138
2022-08-30,274.90485846829074,113.62476277730515,257.88596198732915
2022-08-31,278.39523320092223,112.96381126889602,251.65055018339447
2022-09-01,279.53693158143278,111.85786270532034,232.36078692897632
2022-09-02,277.12853134809296,112.72822459263136,227.5258419473158
2022-09-03,275.4437623267313,,
2022-09-04,277.784105114031,112.46973365617434,
2022-09-05,274.91180310564181,112.09344938158499,
2022-09-06,260.92947026306285,111.76624566455075,224.49149716572191
2022-09-07,267.80605016806021,113.06851645834696,228.64288096032007
2022-09-08,268.30467512986473,112.57116680845496,233.244414804935
2022-09-09,296.747131864774,113.12086905307244,239.86328776258756
2022-09-10,300.70835300980588,,
2022-09-11,303.27092419233867,,
2022-09-12,311.05447373538152,113.90615797395458,241.83061020340116
2022-09-13,280.22306175171531,112.38793272691578,218.92297432477491
2022-09-14,280.87585766271286,111.84477455663897,218.87295765255087
2022-09-15,273.64232339787213,109.7637589163013,215.55518506168724
2022-09-16,275.04097336037114,110.16949152542375,220.04001333777924
2022-09-17,279.36192672018666,,
2022-09-18,269.7130475846551,,
2022-09-19,271.38114947637433,109.82265558536746,223.10770256752249
2022-09-20,262.12394788744132,109.35802630717886,219.67322440813604
2022-09-21,256.79879996666574,109.65905372685035,221.09036345448487
2022-09-22,269.50748631906441,110.01243374124729,209.41980660220074
2022-09-23,267.97272146448512,108.34369478437276,208.66955651883961
2022-09-24,262.85730159171089,,
2022-09-25,261.1628100780577,,
2022-09-26,267.03102863968439,106.8909102807408,203.86795598532848
2022-09-27,265.02125059029413,107.07414436227995,206.95231743914638
2022-09-28,269.604711241979,109.28604148943133,212.33744581527176
2022-09-29,272.1325592377566,109.19442444866175,203.73457819273094
2022-09-30,269.77138253840383,109.41692297624502,202.38412804268089
2022-10-01,268.22828411900332,,
2022-10-02,264.62123947887443,,
2022-10-03,272.62285063473985,111.38014527845037,208.60286762254088
2022-10-04,282.51062529514707,113.24520646554545,219.52317439146381
2022-10-05,279.973054807078,112.61043125449905,220.22340780260089
2022-10-06,277.18408844690134,112.61043125449905,218.90630210070029
2022-10-07,271.27559098863856,111.85786270532034,201.33377792597537
2022-10-08,269.66026834078724,,
2022-10-09,270.02138948304116,,
2022-10-10,265.76571571432538,109.62633335514693,194.56485495165057
2022-10-11,264.71707547431873,110.33309338394083,193.16438812937648
2022-10-12,266.04627906330734,109.77684706498268,191.730576858953
2022-10-13,269.17136587127419,109.74412669327924,199.3997999333111
2022-10-14,266.42128948026334,107.9052418035469,187.1790596865622
2022-10-15,264.85041251145867,,
2022-10-16,267.53382038389952,,
2022-10-17,271.51031973110366,108.89339702899025,198.1993997999333
2022-10-18,268.4546792966471,108.35678293305413,199.51650550183396
2022-10-19,265.61710047501322,106.94326287546627,200.91697232410803
2022-10-20,264.4920692241451,107.11340880832407,203.30110036678892
2022-10-21,266.15461540598346,108.38950330475754,207.83594531510502
2022-10-22,266.74074279841108,,
2022-10-23,271.8297730492514,,
2022-10-24,268.500513903164,108.24553366926249,210.053351117039
2022-10-25,278.93413705936274,108.50075256854919,221.09036345448487
2022-10-26,288.47329092474791,109.23368889470586,215.00500166722242
2022-10-27,281.85366260173896,108.99810221844119,219.67322440813604
2022-10-28,286.0412789244146,107.63693475557884,230.64354784928312
2022-10-29,289.03302869524151,,
2022-10-30,286.48434678741074,,
2022-10-31,284.67874107614097,107.36862770761077,225.02500833611205
2022-11-01,284.50095835995444,107.95759439827238,225.79193064354786
2022-11-02,279.92999805550153,107.97722662129443,220.39013004334777
2022-11-03,280.65224034000943,106.72730842222369,223.7579193064355
2022-11-04,293.701213922609,109.7179503959165,236.01200400133376
2022-11-05,295.863773993722,,
2022-11-06,290.51223645101254,,
2022-11-07,285.96627684102333,109.97316929520321,238.42947649216404
2022-11-08,257.33214811522544,112.2963156861462,243.44781593864627
2022-11-09,220.6575182643962,112.14580197631045,229.67655885295096
2022-11-10,244.29984166226836,114.76343171258428,262.58752917639214
2022-11-11,236.81074474290952,115.79085138407174,272.2074024674892
2022-11-12,233.27314647629103,,
2022-11-13,226.73546487402425,,
2022-11-14,230.7522431178644,116.28165695962306,271.67389129709903
2022-11-15,234.66068501902825,116.27511288528238,277.85928642880958
2022-11-16,229.73554820967249,116.20967214187554,265.25508502834276
2022-11-17,231.82866190727523,115.37203062626793,261.37045681893966
2022-11-18,231.09391927553543,114.80924023296906,256.90230076692228
2022-11-19,231.93977610489179,,
2022-11-20,226.21045029028585,,
2022-11-21,219.11997555487653,113.84071723054774,255.36845615205067
2022-11-22,225.18542181727267,113.8603494535698,267.38912970990333
2022-11-23,230.89391371982555,114.23336169098881,275.40846948982994
2022-11-24,230.57862718408845,114.78306393560631,
2022-11-25,229.34387066307397,114.78306393560631,271.25708569523175
2022-11-26,228.56884913469818,,
2022-11-27,228.13967054640406,,
2022-11-28,225.16875468763021,113.88652575093255,263.8712904301434
2022-11-29,228.34523181199478,115.41783914665271,260.73691230410134
2022-11-30,238.3941220589461,115.16916432170672,282.14404801600534
2022-12-01,235.7287702436179,118.78803743210524,285.67855951983995
2022-12-02,237.4177060473902,118.42156926902689,281.36045348449483
2022-12-03,234.51345870718629,,
2022-12-04,237.68160226672958,,
2022-12-05,235.65237923275646,116.56959623061319,276.92564188062687
2022-12-06,237.35798216617127,116.64158104836073,266.538846282094
2022-12-07,233.82871746437402,117.66245664550749,268.756252084028
2022-12-08,239.25247923553434,117.89149924743145,286.24541513837949
2022-12-09,237.86355176532683,118.49355408677444,283.44448149383129
2022-12-10,237.88438567737992,,
2022-12-11,237.41353926497956,,
2022-12-12,239.03997333259258,117.28944440808849,292.34744914971657
2022-12-13,246.93185921831159,119.46207708919574,301.30043347782595
2022-12-14,247.1790883080086,119.01708003402919,294.6648882960987
2022-12-15,241.0636406566849,116.99496106275768,282.62754251417141
2022-12-16,230.97308258562737,117.80642628100256,276.27542514171392
2022-12-17,233.02175060418344,,
2022-12-18,232.52173671490871,,
2022-12-19,228.35773215922663,117.64282442248546,270.99033011003667
2022-12-20,234.76763243423426,119.45553301485505,268.17272424141379
2022-12-21,233.78149393038692,119.45553301485505,275.10836945648549
2022-12-22,233.62593405372368,117.485766638309,255.73524508169388
2022-12-23,233.0495291535876,118.06818925462994,253.51783927975995
2022-12-24,233.85649601377816,,
2022-12-25,233.78149393038692,,
2022-12-26,234.980138337176,118.42811334336758,
2022-12-27,232.0356121003361,119.30501930501931,235.42847615871958
2022-12-28,229.81471707547433,118.82730187814934,234.01133711237082
2022-12-29,231.06752965360153,119.49479746089918,243.4644881627209
2022-12-30,230.6619628323009,119.50788560958054,243.64788262754251
2022-12-31,229.6924914580961,,
2023-01-01,230.81752270896416,,
2023-01-02,231.59393316481012,120.13611674628623,
2023-01-03,231.59254423733992,120.81015640337674,238.66288762920976
2023-01-04,234.06344620683905,121.65434199332506,245.89863287762591
2023-01-05,233.75371538098278,120.45023231463909,237.8292764254752
2023-01-06,235.43570654740412,122.3545579477783,247.73257752584198
2023-01-07,235.33431484207892,,
2023-01-08,237.77049362482293,,
2023-01-09,238.61912830911967,122.88462796937374,260.55351783927978
2023-01-10,242.21645045695709,122.79955500294484,265.23841280426808
2023-01-11,249.20553348704129,122.95661278712127,266.77225741913969
2023-01-12,261.83088419122754,124.25888358091748,275.27509169723248
2023-01-13,276.77157698824971,125.75747660493424,281.74391463821274
2023-01-14,291.09419706102943,,
2023-01-15,290.00527792438675,125.63968326680192,
2023-01-16,294.23317314369848,124.98527583273346,
2023-01-17,293.57898830523067,124.80858582553498,295.13171057019008
2023-01-18,287.09964165671266,124.7954976768536,289.71323774591531
2023-01-19,292.8025778493847,125.90144624042932,279.50983661220408
2023-01-20,314.96986027389647,126.18284143707874,297.41580526842284
2023-01-21,316.33795383205091,,
2023-01-22,315.39487207978,,
2023-01-23,318.279674435401,126.70636738433349,319.98999666555522
2023-01-24,314.34900969471374,127.15790851384072,321.190396798933
2023-01-25,320.21861718381064,127.62908186637002,322.1573857952651
2023-01-26,319.67554654295952,126.79798442510307,330.1433811270424
2023-01-27,320.48945804050112,126.73254368169621,339.52984328109375
2023-01-28,319.84082891191423,,
2023-01-29,329.91333092585904,,
2023-01-30,317.12269785271815,125.83600549702246,319.47315771923979
2023-01-31,321.19086641295587,126.26791440350765,325.72524174724913
2023-02-01,329.531375871552,126.156665139716,349.16638879626544
2023-02-02,325.39237201033359,125.40409659053728,361.93731243747919
2023-02-03,325.4423733992611,121.90956089261175,351.783927975992
2023-02-04,323.95066529625819,,
2023-02-05,318.56440456679354,,
2023-02-06,316.14489291369205,122.12551534585434,351.6005335111704
2023-02-07,322.94924859023865,122.48543943459198,369.67322440813604
2023-02-08,318.96163782327284,122.85845167201101,370.20673557852621
2023-02-09,302.68201894497071,122.12551534585434,372.4074691563855
2023-02-10,300.49445817939386,121.90301681827107,354.53484494831616
2023-02-11,303.61676713242031,,
2023-02-12,302.60285007916883,,
2023-02-13,302.40562237839936,121.18971271513645,363.25441813937982
2023-02-14,308.32106447401316,121.32713827629082,382.97765921973996
2023-02-15,337.89688602461177,120.03141155683529,379.52650883627877
2023-02-16,326.947970776966,120.54184935540869,366.82227409136379
2023-02-17,341.30809189144145,120.43714416595775,356.58552850950315
2023-02-18,342.11228089669157,,
2023-02-19,337.54965415705993,120.91813362999804,
2023-02-20,345.00263896219337,121.09809567436687,
2023-02-21,339.60248895802658,120.57456972711211,344.3647882627543
2023-02-22,335.93433150920856,119.97251488776912,346.01533844614869
2023-02-23,332.45784605127915,119.02362410836989,394.53151050350118
2023-02-24,322.11311425317371,118.39539297166417,388.2294098032678
2023-02-25,321.76032667574094,,
2023-02-26,327.21325592377565,,
2023-02-27,326.31600877802163,119.42281264315164,391.81393797932645
2023-02-28,321.26586849634708,120.19501341535242,387.06235411803937
2023-03-01,328.37301036139894,120.76434788299197,378.42614204734912
2023-03-02,325.91738659407207,120.44368824029841,388.69623207735913
2023-03-03,310.48640240006671,121.36640272233493,398.29943314438145
2023-03-04,310.38501069474148,,
2023-03-05,311.51281980055,,
2023-03-06,311.258646073502,121.36640272233493,392.69756585528512
2023-03-07,308.31134198172168,119.1021530004581,388.26275425141716
2023-03-08,301.54726520181111,119.01053595968851,403.15105035011669
2023-03-09,282.81063362871191,120.05758785419802,390.73024341447154
2023-03-10,279.9619433873163,122.19095608926118,382.87762587529176
2023-03-11,284.27872996472121,,
2023-03-12,305.49181921720049,,
2023-03-13,334.93152587571882,125.41718473921864,382.89429809936644
2023-03-14,343.06091835884331,125.0507165761403,401.18372790930312
2023-03-15,337.269090808078,127.48511223087495,403.93464488162721
2023-03-16,347.28881357815493,126.93540998625745,425.82527509169728
2023-03-17,380.45223478429955,130.24016752830315,428.8929643214405
2023-03-18,373.82288396899912,,
2023-03-19,388.3260646129059,,
2023-03-20,385.01763937887159,130.86185459066817,431.81060353451153
2023-03-21,390.48306897413818,128.15260781362477,436.79559853284434
2023-03-22,378.64524014555963,128.69576598390157,441.28042680893634
2023-03-23,393.21508930803634,131.75184870100125,453.33444481493837
2023-03-24,381.43003972332565,130.99273607748185,446.46548849616545
2023-03-25,381.61615600433339,,
2023-03-26,388.53162587849664,,
2023-03-27,376.81324481235589,129.01642562659512,442.33077692564189
2023-03-28,378.65218478291064,129.14730711340883,440.31343781260432
2023-03-29,393.76649351370872,128.71539820692362,449.88329443147717
2023-03-30,389.30942526181281,129.59230416857537,456.5355118372791
2023-03-31,395.4790410844746,128.852823768078,463.10436812270757
2023-04-01,395.234589849718,,
2023-04-02,391.65393483152309,,
2023-04-03,386.15100419456093,129.82789084484,466.23874624874964
2023-04-04,391.18308841912273,132.33427131732219,457.70256752250748
2023-04-05,391.3094808189116,132.24919835089329,448.16605535178394
2023-04-06,389.40942803966777,131.66023166023166,450.76692230743578
2023-04-07,387.65521264479571,,
2023-04-08,388.08300230561963,,
2023-04-09,393.43592877579931,,
2023-04-10,411.69199144420679,130.16818271055558,459.80326775591874
2023-04-11,419.58943303980664,131.19560238204306,452.96765588529507
2023-04-12,415.10041945609595,131.59479091682482,441.730576858953
2023-04-13,422.05894608183564,133.58418951639291,441.19706568856287
2023-04-14,423.24092335898217,131.02545644918527,446.1153717905969
2023-04-15,420.83946776299337,,
2023-04-16,420.98808300230559,,
2023-04-17,408.8294119281091,130.5019305019305,450.18339446482162
2023-04-18,421.98672185338478,131.55552647078071,461.27042347449157
2023-04-19,400.20139448318008,130.75060532687652,465.67189063021004
2023-04-20,392.24006222395064,131.52280609907729,451.88396132044016
2023-04-21,378.688296897136,129.65774491198221,452.13404468156051
2023-04-22,386.31489763604543,,
2023-04-23,383.22453401483375,,
2023-04-24,382.08422456179341,130.26634382566587,450.8502834278093
2023-04-25,393.04980693908163,130.56082717099667,437.49583194398139
2023-04-26,394.79707769660263,130.02421307506054,449.41647215738578
2023-04-27,409.39887219089417,130.81604607028336,453.91797265755247
2023-04-28,407.25853495930443,130.82259014462406,462.63754584861624
2023-04-29,406.04044556793235,,
2023-04-30,406.29045251256974,,
2023-05-01,389.97749937498264,130.37104901511682,481.99399799933315
2023-05-02,398.19300536125996,132.4062561350697,470.3234411470491
2023-05-03,403.11675324314564,133.30279431974347,463.52117372457491
2023-05-04,400.595849884719,134.52653622145147,459.51983994664891
2023-05-05,409.91694213728158,132.50441725017996,478.15938646215403
2023-05-06,400.80418900525012,,
2023-05-07,394.79985555154309,,
2023-05-08,384.32317564376785,133.05411949479748,486.01200400133376
2023-05-09,383.828717464374,133.68889470584386,476.34211403801265
2023-05-10,383.3898163837884,133.30933839408416,481.57719239746592
2023-05-11,374.78124392344233,132.22302205353054,476.45881960653549
2023-05-12,372.22145059584989,132.17721353314573,472.49083027675891
2023-05-13,371.92005333481484,,
2023-05-14,373.89927497986054,,
2023-05-15,377.56465457373815,132.05942019501342,482.71090363454488
2023-05-16,375.50070835300977,130.1223741901708,487.04568189396468
2023-05-17,380.609183588433,129.61848046593812,503.13437812604195
2023-05-18,372.62146170726965,128.03481447549245,528.14271423807929
2023-05-19,373.38398288841358,129.48759897912441,521.240413471157
2023-05-20,376.62435067640769,,
2023-05-21,371.53670935303762,,
2023-05-22,372.88952470901967,129.2323800798377,519.7732577525843
2023-05-23,378.0757798827745,129.07532229566129,511.63721240413469
2023-05-24,365.68238006611296,128.44709115895557,509.13637879293094
2023-05-25,367.7296591571988,127.15790851384072,633.21107035678563
2023-05-26,371.00336120447793,128.46672338197763,649.31643881293769
2023-05-27,373.03119531098082,,
2023-05-28,389.88860801688935,128.36201819252668,
2023-05-29,385.28014667074086,128.24749689156471,
2023-05-30,384.70790855301533,129.38289378967346,668.73957985995332
2023-05-31,378.01188921914496,129.71009750670768,630.77692564188067
2023-06-01,372.49645823495092,130.5870034683594,663.05435145048352
2023-06-02,378.40912247562432,128.89208821412211,655.66855618539512
2023-06-03,376.01044473457597,,
2023-06-04,376.70907525209032,,
2023-06-05,357.61271146420739,129.19965970813431,653.06768922974322
2023-06-06,378.20772799244423,129.67083306066357,644.44814938312777
2023-06-07,365.87821883941223,128.15915188796544,624.79159719906636
2023-06-08,368.0810578071613,129.48105490478372,642.04734911637217
2023-06-09,367.77827161865605,129.38943786401416,646.38212737579192
2023-06-10,358.95441540042776,,
2023-06-11,360.12667018528293,,
2023-06-12,359.82666185171809,128.89863228846281,658.25275091697233
2023-06-13,360.140559459985,128.17224003664683,683.92797599199741
2023-06-14,349.03052862579511,128.84627969373733,716.85561853951322
2023-06-15,355.44459568321338,128.38165041554873,711.12037345781926
2023-06-16,365.86155170976969,128.40782671291146,711.77059019673231
2023-06-17,368.27411872552017,,
2023-06-18,365.83932887024639,128.8822721026111,
2023-06-19,372.87007972443683,128.52889208821412,
2023-06-20,393.1734214839301,126.88305739153198,730.37679226408807
2023-06-21,416.6351843106753,126.69982330999281,717.65588529509841
2023-06-22,415.15736548237453,125.31902362410838,717.32244081360466
2023-06-23,426.11461429484149,125.71166808454946,703.71790596865628
2023-06-24,424.089558043279,,
2023-06-25,423.1409205811272,,
2023-06-26,420.38667740770575,125.97997513251751,677.42580860286762
2023-06-27,426.24934025945163,125.32556769844905,698.16605535178394
2023-06-28,417.76993805383478,125.21431843465743,685.511837279093
2023-06-29,422.86869079696652,125.50880177998825,680.59353117705916
2023-06-30,423.24647906886304,126.26137032916695,705.26842280760263
2023-07-01,424.82846745742933,,
2023-07-02,425.25764604572345,,
2023-07-03,432.66896302675076,126.26791440350765,707.11903967989326
2023-07-04,427.35075974332625,126.5591257116681,
2023-07-05,423.80066112947583,126.11085661933119,705.518506168723
2023-07-06,415.4712630906414,125.34519992147113,701.950650216739
2023-07-07,421.48948581905057,126.46423663372816,708.61953984661557
2023-07-08,420.689463596211,,
2023-07-09,418.99636101002812,,
2023-07-10,422.44645684602347,126.36607551861789,703.23441147049027
2023-07-11,425.33542598405506,126.76526405339965,706.98566188729581
2023-07-12,422.05755715436533,128.37510634120807,731.9439813271091
2023-07-13,437.041306702964,128.51253190236241,766.538846282094
2023-07-14,421.08669685269035,128.55179634840653,758.06935645215083
2023-07-15,420.72557571043643,,
2023-07-16,419.94916525459035,,
2023-07-17,418.6185727381316,128.02827040115176,774.60820273424474
2023-07-18,414.82818967193526,129.62502454027879,791.83061020340119
2023-07-19,415.42403955665435,129.62502454027879,784.87829276425475
2023-07-20,413.91427539653876,128.97716118055104,758.91963987996
2023-07-21,415.33237034362065,128.69576598390157,738.72957652550849
2023-07-22,413.7462151726437,,
2023-07-23,417.87132975915995,,
2023-07-24,405.26264618461624,129.67737713500424,743.78126042014014
2023-07-25,405.96405455707105,129.77553825011452,761.570523507836
2023-07-26,407.68076891024754,130.2074471565997,757.785928642881
2023-07-27,405.88210783632871,128.61069301747267,765.25508502834282
2023-07-28,407.16408789133033,130.87494273934954,779.42647549183062
2023-07-29,407.69882496736017,,
2023-07-30,406.70157504375118,,
2023-07-31,406.01683380093891,131.4835416530332,779.07635878626218
2023-08-01,412.68090780299451,129.49414305346508,775.37512504168058
2023-08-02,405.20153337592706,129.24546822851909,738.06268756252086
2023-08-03,405.41820606127948,128.83973561939663,742.164054684895
2023-08-04,404.25428484124558,129.31745304626659,744.9149716572191
2023-08-05,403.73482596738796,,
2023-08-06,403.91816439345536,,
2023-08-07,405.62515625434042,128.91826451148484,757.2024008002669
2023-08-08,413.58648851356986,128.25731300307572,744.64821607202407
2023-08-09,410.81696713797606,127.64871408939207,709.46982327442493
2023-08-10,409.02525070140837,127.53746482560042,706.70223407802609
2023-08-11,408.63357315480988,127.38695111576467,681.1437145715239
2023-08-12,408.7363537876052,,
2023-08-13,406.95713769826938,,
2023-08-14,408.71551987555205,127.21680518290688,729.45981993998
2023-08-15,405.50154170949196,126.64092664092665,732.57752584194736
2023-08-16,398.98747187421873,126.1893855114194,725.00833611203734
2023-08-17,369.95055418206061,125.33211177278976,722.62420806935643
2023-08-18,361.8600516681019,125.41718473921864,721.89063021007007
2023-08-19,362.50173615933778,,
2023-08-20,363.7712158671074,,
2023-08-21,362.87119086641292,125.84254957136314,783.0443481160388
2023-08-22,361.67532431456431,126.03887180158367,761.3871290430144
2023-08-23,367.17964387899661,127.48511223087495,785.52850950316781
2023-08-24,363.57954387621879,127.41967148746809,786.31210403467821
2023-08-25,361.91560876691022,126.94849813493883,767.22240746915645
2023-08-26,361.35864885135692,,
2023-08-27,362.51840328898027,,
2023-08-28,362.77257701602827,127.40003926444605,780.84361453817951
2023-08-29,385.0648629128587,128.59760486879131,813.33777925975323
2023-08-30,379.16053223700652,129.11458674170541,821.34044681560511
2023-08-31,360.2502847301314,128.64995746351678,822.85761920640221
2023-09-01,358.38773299258315,128.728486355605,808.75291763921314
2023-09-02,359.31136976027113,,
2023-09-03,360.7183532875913,128.69903802107194,
2023-09-04,358.66690741409479,128.47653949348864,
2023-09-05,358.20717242145616,127.77959557620575,809.40313437812608
2023-09-06,357.75993777604936,127.22989333158824,784.61153717905972
2023-09-07,364.59068307452986,127.11864406779662,770.94031343781273
2023-09-08,359.86416289341372,127.131732216478,759.786595531844
2023-09-09,359.74749298591627,,
2023-09-10,358.9016361565599,,
2023-09-11,349.54304286230172,127.4262155618088,753.21773924641548
2023-09-12,358.82246729075808,126.63438256658597,748.08269423141041
2023-09-13,364.21845051251427,126.46423663372816,758.33611203734586
2023-09-14,368.40884469013025,126.48386885675022,759.93664554851625
2023-09-15,369.46859634989863,127.36077481840195,731.91063687895962
2023-09-16,368.92691463651767,,
2023-09-17,368.46995749881938,,
2023-09-18,371.72560348898583,127.83194817093124,733.01100366788944
2023-09-19,377.91605322370066,127.85158039395328,725.57519173057688
2023-09-20,376.74657629378589,128.728486355605,704.218072690897
2023-09-21,369.03802883413425,126.92886591191677,683.844614871624
2023-09-22,369.20331120308896,127.32151037235784,693.7312437479161
2023-09-23,369.16581016139338,,
2023-09-24,364.61429484152336,,
2023-09-25,365.32542570626958,126.73254368169621,703.93464488162726
2023-09-26,364.16150448623574,125.63313919246124,698.74958319439827
2023-09-27,366.20600572238112,123.74190170800341,708.03601200400146
2023-09-28,375.32431456429339,122.9369805640992,718.38946315438477
2023-09-29,373.75760437789938,122.11897127151366,725.22507502500832
2023-09-30,374.49234700963916,,
2023-10-01,388.54551515319866,,
2023-10-02,382.028667462985,120.88214122112429,746.6155385128377
2023-10-03,380.96058223839549,120.50912898370527,725.52517505835283
2023-10-04,385.99544431789769,120.0706760028794,734.26142047349128
2023-10-05,380.70918636628789,119.87435377265886,745.04834944981667
2023-10-06,388.0232784244007,120.75125973431059,762.95431810603543
2023-10-07,388.35939887219087,,
2023-10-08,387.82605072363123,,
2023-10-09,383.085641267813,122.00117793338133,754.80160053351119
2023-10-10,380.44112336453793,122.72102611085663,763.55451817272433
2023-10-11,373.29648045779049,123.50631503173877,780.36012004001338
2023-10-12,371.6922692297008,123.22491983508934,782.67755918639546
2023-10-13,373.1145309591933,127.05320332438976,757.93597865955326
2023-10-14,372.96591571988108,,
2023-10-15,377.249368038001,,
2023-10-16,395.97905497374927,126.58202997186048,768.50616872290766
2023-10-17,394.50540292785911,126.67364701263007,732.544181393798
2023-10-18,393.36787132975917,128.80701524769322,703.5011670556853
2023-10-19,398.94163726770188,129.60539231725673,701.91730576858959
2023-10-20,412.15728214672629,130.51501865061189,690.01333777925981
2023-10-21,415.46848523570105,,
2023-10-22,416.45879052195892,,
2023-10-23,458.92663685102366,129.454878607421,716.48882960987
2023-10-24,471.08253007027974,129.3632615666514,727.95931977325779
2023-10-25,479.13553154254294,129.93259603429095,696.548849616539
2023-10-26,474.37012139226084,130.08965381846741,672.324108036012
2023-10-27,470.87141309480825,130.16163863621492,675.22507502500832
2023-10-28,473.38259396094332,,
2023-10-29,479.55082085613486,,
2023-10-30,478.87302425067367,131.24795497676854,686.24541513837949
2023-10-31,481.271701991722,130.5084745762712,679.893297765922
2023-11-01,492.01088919136646,130.06347752110466,705.65188396132044
2023-11-02,485.17181032806474,130.45612198154572,725.34178059353121
2023-11-03,482.21756159893323,130.82913421896473,750.33344448149387
2023-11-04,487.03852884802359,,
2023-11-05,486.39406650184725,,
2023-11-06,486.70796411011412,130.13546233885219,762.7709236412137
2023-11-07,492.04283452318111,129.14730711340883,766.17205735245091
2023-11-08,494.97069363037866,128.11988744192135,776.492164054685
2023-11-09,509.74332620350566,128.90517636280347,782.760920306769
2023-11-10,518.11161421150587,126.80452849944376,805.85195065021685
2023-11-11,515.99349981943942,,
2023-11-12,514.79763326759075,,
2023-11-13,506.65712936470459,127.62253779202932,810.60353451150388
2023-11-14,493.75399316647685,128.6892219095609,827.87595865288438
2023-11-15,526.05489041362262,128.54525227406583,815.0716905635212
2023-11-16,502.25284035667653,130.05038937242327,824.94164721573873
2023-11-17,508.28356343231758,129.88024343956548,821.90730243414475
2023-11-18,507.91133087030192,,
2023-11-19,518.82274507625209,,
2023-11-20,520.21028361898948,130.27288790000654,840.430143381127
2023-11-21,497.42492847023527,131.66677573457235,832.67755918639546
2023-11-22,519.60887802438958,131.1039853412735,812.20406802267428
2023-11-23,517.97411039195526,130.53792291080427,
2023-11-24,523.86594072057562,131.778024998364,796.53217739246418
2023-11-25,524.83402316731019,,
2023-11-26,520.17833828717471,,
2023-11-27,517.35603766771294,132.39316798638833,804.3014338112705
2023-11-28,525.33820383899558,134.18624435573591,797.28242747582522
2023-11-29,525.78543848440233,135.2725606962895,802.600866955652
2023-11-30,523.80482791188638,134.62469733656175,779.75991997332449
2023-12-01,537.35103752882014,136.75152149728419,779.67655885295108
2023-12-02,548.04855690435841,,
2023-12-03,555.15708769688047,,
2023-12-04,583.1800883357871,133.64308618545908,758.75291763921314
2023-12-05,612.18644962360054,133.25698579935869,776.35878626208751
2023-12-06,608.02105614044842,134.01609842287809,758.63621207069025
2023-12-07,601.26253507041861,133.91793730776783,776.85895298432808
2023-12-08,613.56565460151671,131.83037759308945,792.03067689229749
2023-12-09,607.2168671351983,,
2023-12-10,608.22522847856874,,
2023-12-11,573.0173060362788,130.46921013022711,777.37579193064357
2023-12-12,576.22433956498787,129.82789084484,794.54818272757586
2023-12-13,595.63460096113783,130.10274196714875,801.73391130376808
2023-12-14,597.59854440401114,133.18500098161115,806.10203401133708
2023-12-15,582.36339898330516,132.58294614226818,815.10503501167045
2023-12-16,587.12325342370616,,
2023-12-17,574.58123836773234,,
2023-12-18,592.51229200811122,132.90360578496171,834.89496498832955
2023-12-19,586.9510264174005,133.66926248282181,827.00900300100045
2023-12-20,606.44462346176283,133.374779137491,802.117372457486
2023-12-21,609.26553515375429,133.61690988809633,816.77225741913981
2023-12-22,610.696130448068,134.78175512073818,814.10470156718907
2023-12-23,607.10575293758154,,
2023-12-24,596.981860607239,,
2023-12-25,605.27375760437781,135.24311236175643,
2023-12-26,590.47890219172757,134.83410771546366,821.59053017672557
2023-12-27,603.440373343704,136.3392448138211,823.89129709903307
2023-12-28,591.4205950165283,136.34578888816179,825.64188062687572
2023-12-29,584.35512097558262,135.5801321903017,825.64188062687572
2023-12-30,585.248201338926,,
2023-12-31,587.13436484346789,,
2024-01-01,613.67537987166315,135.65211700804923,
2024-01-02,624.2353954276507,135.68483737975265,803.06768922974334
2024-01-03,594.96236006555728,133.68235063150317,793.081027009003
2024-01-04,613.30870301952837,134.15352398403246,800.23341113704566
2024-01-05,613.30731409205816,134.14043583535113,818.55618539513182
2024-01-06,610.68224117336592,,
2024-01-07,610.11833662046172,,
2024-01-08,652.27089641378916,133.07375171781953,871.1737245748584
2024-01-09,640.69835273202034,133.04103134611609,885.96198732910966
2024-01-10,647.64715686546856,133.33551469144692,906.13537845948656
2024-01-11,643.74288174671517,132.77272429814803,914.00466822274109
2024-01-12,594.959582210617,134.87991623584844,912.13737912637555
2024-01-13,595.173477041029,,
2024-01-14,579.82305064029549,,
2024-01-15,590.44279007750208,134.66723381977619,
2024-01-16,599.25970165837941,133.47948432694196,940.01333777925993
2024-01-17,594.02622295063748,131.92199463385904,934.52817605868631
2024-01-18,573.52565349037468,132.9166939336431,952.1007002334112
2024-01-19,578.460512792022,133.40095543485376,991.84728242747588
2024-01-20,579.11886441290039,,
2024-01-21,577.56048779132755,,
2024-01-22,549.40970582516172,132.94287023100583,994.56485495165055
2024-01-23,554.02650073613154,133.18500098161115,998.2160720240081
2024-01-24,556.76546570738071,132.54368169622407,1023.0410136712239
2024-01-25,554.67790771965883,132.65493096001569,1027.29243081027
2024-01-26,580.728631350871,132.6222105883123,1017.5225075025007
2024-01-27,585.02875079863327,,
2024-01-28,583.77593822050608,,
2024-01-29,601.40281674490961,133.1653687585891,1041.4304768256086
2024-01-30,596.49156921025576,134.21242065309863,1046.5821940646883
2024-01-31,591.412261451707,135.29219291931159,1025.7919306435479
2024-02-01,598.3693991499764,135.53432366991689,1050.8002667555852
2024-02-02,599.94305397372148,134.39565473463776,1103.034344781594
2024-02-03,597.31798105502924,,
2024-02-04,591.4247617989389,,
2024-02-05,593.03313980943915,133.68889470584386,1155.9186395465156
2024-02-06,598.45690158059938,134.24514102480205,1137.4291430476826
2024-02-07,615.8476624350676,134.26477324782408,1168.7062354118041
2024-02-08,629.09108586349623,134.01609842287809,1161.0703567855951
2024-02-09,654.5667935220423,133.41404358353512,1202.6175391797267
2024-02-10,663.326759076641,,
2024-02-11,670.53668157448817,,
2024-02-12,693.64843467874118,133.04103134611609,1204.5348449483163
2024-02-13,690.51918108836355,131.35266016621949,1202.5341780593533
2024-02-14,719.21997833273144,,1232.0773591197064
2024-02-15,720.87141309480819,131.8565538904522,1211.3704568189398
2024-02-16,724.10622517292143,132.45860872979517,1210.6202067355787
2024-02-17,717.32548126336837,,
2024-02-18,723.87427428539684,,
2024-02-19,719.236645462374,132.68110725737844,
2024-02-20,725.90210839189979,133.48602840128265,1157.9193064354786
2024-02-21,720.2727853551487,133.12610431254498,1124.9083027675892
2024-02-22,712.80313342037277,132.89051763628038,1309.403134378126
2024-02-23,704.74874302063938,133.4598521039199,1314.054684894965
2024-02-24,716.29211922553407,,
2024-02-25,718.39078863301756,,
2024-02-26,756.89741381705039,132.7858124468294,1318.6395465155051
2024-02-27,792.46923525653483,133.13264838688571,1312.1207069023008
2024-02-28,867.62965637934371,133.6758065571625,1294.8149383127709
2024-02-29,849.59721103363984,134.46109547804463,1318.972990996999
2024-03-01,866.65879607766885,137.14416595772528,1371.7739246415472
2024-03-02,861.05864051779213,,
2024-03-03,876.91046973527045,,
2024-03-04,948.22217283813438,139.14665270597476,1421.0903634544848
2024-03-05,886.03294535959321,140.16752830312154,1433.2110703567857
2024-03-06,917.8088280230005,141.23421242065311,1478.8262754251418
2024-03-07,928.57162698963873,141.692297624501,1544.9983327775926
2024-03-08,946.85963498986075,143.02074471566,1459.2864288096032
2024-03-09,949.56109891941446,,
2024-03-10,957.871051973666,,
2024-03-11,1001.4042056723799,143.2236110202212,1430.0433477825943
2024-03-12,992.66924081224465,141.75119429356718,1532.3941313771256
2024-03-13,1014.8379121642269,142.71317322164782,1515.3051017005669
2024-03-14,991.52059779438309,141.84281133433677,1466.2220740246751
2024-03-15,964.80041112253116,142.11111838230482,1464.4214738246083
2024-03-16,907.16686574627067,,
2024-03-17,949.90416400455558,,
2024-03-18,938.83302313953175,142.30089653818467,1474.7415805268422
2024-03-19,861.82949526375728,141.99332504417254,1490.4634878292763
2024-03-20,942.44284563460087,142.07185393626071,1506.7022340780261
2024-03-21,909.80027222978424,143.642431778025,1524.4248082694232
2024-03-22,885.9343315092085,142.01950134153523,1572.007335778593
2024-03-23,889.43859551654225,,
2024-03-24,933.52454234839843,,
2024-03-25,970.74918747742981,143.10581768208891,1583.8946315438482
2024-03-26,972.23950665296263,143.17125842549575,1543.1977325775258
2024-03-27,964.50456957137692,144.80073293632617,1504.6682227409137
2024-03-28,982.83424539570547,146.4825600418821,1506.435478492831
2024-03-29,970.46723520097783,147.55578823375436,
2024-03-30,966.85324592349775,,
2024-03-31,990.74974304841794,,
2024-04-01,967.58798855523742,147.70630194359009,1506.5521840613537
2024-04-02,908.90302508403011,149.32268830573918,1491.3637879293099
2024-04-03,916.178227172977,151.49532098684642,1483.2277425808604
2024-04-04,951.36670463068413,151.06995615470194,1432.2274091363788
2024-04-05,942.1178366065725,153.48471958641451,1467.2890963654552
2024-04-06,956.840467790772,,
2024-04-07,963.36564904580678,,
2024-04-08,994.89013583710675,153.85118774949285,1452.7009003001
2024-04-09,960.41556709908593,154.59721222433089,1423.0410136712237
2024-04-10,980.889746937415,153.68104181663506,1451.1337112370791
2024-04-11,972.41034473179809,155.27125188142136,1510.7702567522506
2024-04-12,932.691185866274,155.36286892219096,1470.2567522507504
2024-04-13,886.82880080002224,,
2024-04-14,912.48923581210568,,
2024-04-15,880.74529848051327,155.15345854328905,1433.8279426475492
2024-04-16,886.2093391483096,156.76330083109744,1457.402467489163
2024-04-17,851.11947554098731,155.50029448334533,1401.0503501167057
2024-04-18,881.71060307230766,156.12852562005105,1411.6538846282094
2024-04-19,886.12322564515671,157.14940121719786,1270.4234744914972
2024-04-20,902.262562848968,,
2024-04-21,901.97227700769463,,
2024-04-22,928.21050584738464,152.77795955762056,1325.7419139713238
2024-04-23,922.45617933831488,152.47038806360842,1374.1747249083028
2024-04-24,892.88174671518641,152.21516916432171,1328.3927975991999
2024-04-25,895.81793938720512,152.49656436097118,1377.6592197399134
2024-04-26,885.669046362399,152.80413585498331,1462.7375791930644
2024-04-27,881.36892691463663,,
2024-04-28,876.54795966554616,,
2024-04-29,886.97047140198345,154.28964073031869,1463.1043681227077
2024-04-30,842.61507264090665,150.7034879916236,1440.5135045015004
2024-05-01,810.17806050168065,151.23355801321904,1384.4781593864623
2024-05-02,821.15197644379009,151.14194097244945,1430.7602534178059
2024-05-03,873.32287007972445,151.07650022904261,1480.226742247416
2024-05-04,887.36214894858188,,
2024-05-05,889.002472290897,,
2024-05-06,877.28964693463706,152.55546103003729,1535.9786595531843
2024-05-07,865.54765410150264,152.09737582618939,1509.7365788596198
2024-05-08,850.12778132725907,151.97303841371641,1507.3691230410138
2024-05-09,876.06600183338423,153.1509717950396,1479.6098699566523
2024-05-10,844.424845134587,155.42176559125713,1498.4661553851283
2024-05-11,844.83735659323872,,
2024-05-12,853.91260868357449,154.86224723512859,
2024-05-13,874.15205977943822,153.32766180223808,1507.1523841280427
2024-05-14,855.15430984194018,154.43361036581379,1523.1077025675224
2024-05-15,861.164199005528,154.885151495321,
